Name,LinkedIn
01 Quantum,https://www.linkedin.com/company/01-quantum/
1QBit,https://www.linkedin.com/company/1qbit
4colors Research,https://www.linkedin.com/company/4colors-research
8photonics,https://www.linkedin.com/company/8photonics
A*Quantum,https://www.linkedin.com/company/a-quantum
AA Thornton,https://www.linkedin.com/company/aathornton
Abbelight,https://www.linkedin.com/company/abbelight/
Abbess Instruments and Systems,https://www.linkedin.com/company/abbess-instruments-and-systems-inc./
Abelian,https://www.linkedin.com/company/pqabelian/
Absolut System,https://www.linkedin.com/company/absolut-system
Accelink Technologies,https://www.linkedin.com/company/accelink
Accenture,https://www.linkedin.com/company/accenture
AccuBeat,https://www.linkedin.com/company/accubeat
Active Fiber Systems,https://www.linkedin.com/company/active-fiber-systems-gmbh/
Active Technologies,https://www.linkedin.com/company/activetechnologies-it/
ActiveEon,https://www.linkedin.com/company/activeeon
ActLight,https://www.linkedin.com/company/actlight/
Adamant Quanta,https://www.linkedin.com/company/adamant-quanta/
Adamas Nanotechnologies,https://www.linkedin.com/company/adamas-nanotechnologies-inc
Adaptive Finance Technologies,https://www.linkedin.com/company/adaptive-finance-technologies
Adaptix,https://www.linkedin.com/company/adaptixltd/
Added Scientific,https://www.linkedin.com/company/added-scientific-ltd
adesso Schweiz,https://www.linkedin.com/company/adesso-schweiz-ag/
AdMOS,https://www.linkedin.com/company/admos-gmbh-advanced-modeling-solutions/
AdNaNoTek,https://www.linkedin.com/company/adnanotek/
Adroit Employment Resources,https://www.linkedin.com/company/adroit-employment-resources/
Adtran Networks,https://www.linkedin.com/company/adtran/
ADVA,https://www.linkedin.com/company/adva-optical-networking/
Advanced Cyclotron Systems,https://www.linkedin.com/company/advanced-cyclotron-systems-inc-
Advanced Electronic Designs,https://www.linkedin.com/company/advanced-electronic-designs/
Advanced Quantum,https://www.linkedin.com/company/advanced-quantum/
Advanced Quantum Light Sources,https://www.linkedin.com/company/aqls-eu/
Advent Diamond,https://www.linkedin.com/company/advent-diamond
AdvR,https://www.linkedin.com/company/advr-inc/
Aegiq,https://www.linkedin.com/company/aegiq
Aeluma,https://www.linkedin.com/company/aeluma/
AEM,https://www.linkedin.com/company/aem-holdings/
AEMtec,https://www.linkedin.com/company/aemtec-gmbh/
Aeponyx [Acquired by PASQAL],https://www.linkedin.com/company/aeponyx
Agilent Technologies,https://www.linkedin.com/company/agilent-technologies/
AgilePQ,https://www.linkedin.com/company/agilepq/
Agnostiq [Acquired by DataRobot],https://www.linkedin.com/company/agnostiq
AhP-Tech,https://www.linkedin.com/company/ahp-tech-inc
AIC Inc.,https://www.linkedin.com/company/aicinc
AIM Photonics,https://www.linkedin.com/company/aimphotonics
AiQ,https://www.linkedin.com/company/aiq-tech
Air Liquide,https://www.linkedin.com/company/airliquide/
Airbus,https://www.linkedin.com/company/airbusgroup/
Aires Applied Quantum Technology,https://www.linkedin.com/company/aires-applied-quantum/
AITAD,https://www.linkedin.com/company/aitad-gmbh
AIXTRON,https://www.linkedin.com/company/aixtron-se/
Akhetonics,https://www.linkedin.com/company/akhetonics/
Alcyon Photonics,https://www.linkedin.com/company/alcyonphotonics/
Alea Quantum Technologies,https://www.linkedin.com/company/alea-quantum-technologies/
Alfalume,https://www.linkedin.com/company/alfalumeinc/
Algorithmiq,https://www.linkedin.com/company/algorithmiq
Alibaba Cloud,https://www.linkedin.com/company/alibaba-cloud-computing-company/
Alibaba Quantum Lab,https://www.linkedin.com/company/alibaba-com
Alice&Bob,https://www.linkedin.com/company/alice-bob
Aliro Quantum,https://www.linkedin.com/company/aliroquantum
Allegro Microsystems,https://www.linkedin.com/company/allegro-microsystems
Alpes Lasers,https://www.linkedin.com/company/alpeslasers/
AlphaRail,https://www.linkedin.com/company/alpharail
Alpine Quantum Technologies,https://www.linkedin.com/company/alpine-quantum-technologies-gmbh
Alrad Instruments,https://www.linkedin.com/company/alrad-instruments-ltd/
Alter Technology,https://www.linkedin.com/company/alter-technology/
Altera,https://www.linkedin.com/company/altera-fpga
Altos Photonics,https://www.linkedin.com/company/altos-photonics-inc/
Amazon Web Services (AWS),https://www.linkedin.com/company/amazon
AmberFlux,https://www.linkedin.com/company/amber-flux-private-limited/
American Binary,https://www.linkedin.com/company/american-binary/
American Institute of Physics,https://www.linkedin.com/company/american-institute-of-physics
Amires,https://www.linkedin.com/company/amires-s-rl
Ammolite Security,https://www.linkedin.com/company/ammolite-security/
AMO GmbH,https://www.linkedin.com/company/amo-gmbh/
Ampere,https://www.linkedin.com/company/amperecomp/
Amphenol ICC,https://www.linkedin.com/company/amphenol-cs/
Amphenol Network Solutions,https://www.linkedin.com/company/amphenolns/
Amphenol Precision Optics,https://www.linkedin.com/company/amphenol-precision-optics-gmbh/
Amphenol RF,https://www.linkedin.com/company/amphenol-rf/
amPICQ,https://www.linkedin.com/company/ampicq-private-limited
Ampliconyx,https://www.linkedin.com/company/ampliconyx-oy
Amplitech,https://www.linkedin.com/company/amplitechinc
Amplitude Laser,https://www.linkedin.com/company/amplitude-laser-group
AMS Technologies,https://www.linkedin.com/company/ams-technologies-ag
Amsterdam Scientific Instruments,https://www.linkedin.com/company/amscins
anabrid GmbH,https://www.linkedin.com/company/anabrid/
Analog Photonics,https://www.linkedin.com/company/analogphotonics
Analog Physics Inc.,https://www.linkedin.com/company/analogphysics
Analog Quantum Circuits,https://www.linkedin.com/company/analog-quantum-circuits
Anametric,https://www.linkedin.com/company/anametric-inc
AnaPico,https://www.linkedin.com/company/anapico/
Anchored In,https://www.linkedin.com/company/anchored-in-ltd/
Andor Technology,https://www.linkedin.com/company/oi-life-science/
Anello,https://www.linkedin.com/company/anellophotonics/
AngelQ,https://www.linkedin.com/company/angelq-quantum-computing/
Angstrom Engineering,https://www.linkedin.com/company/angstrom-engineering-inc-
Anritsu,https://www.linkedin.com/company/anritsu/
Ansys,https://www.linkedin.com/company/ansys-inc/
Anyon Systems,https://www.linkedin.com/company/anyon-systems-inc-
Anyon Technologies,https://www.linkedin.com/company/anyon-computing/
Anzaetek,https://www.linkedin.com/company/anzaetek-inc/
AOSense,https://www.linkedin.com/company/aosense
Aperio Global,https://www.linkedin.com/company/aperioglobal
Apex Atomics,https://www.linkedin.com/company/apex-atomics
API3,https://www.linkedin.com/company/api3/
Apogee Instruments,https://www.linkedin.com/company/apogee-instruments-inc-
Apple,https://www.linkedin.com/company/apple
Applied Materials,https://www.linkedin.com/company/applied-materials/
Applied Nanotools,https://www.linkedin.com/company/applied-nanotools/
Applied Physics Systems,https://www.linkedin.com/company/applied-physics-systems/
Applied Quantum,https://www.linkedin.com/company/appliedquantum
Applied Quantum Algorithms,https://www.linkedin.com/company/liacs
Applied Quantum Materials,https://www.linkedin.com/company/applied-quantum-materials-inc
Apply Quantum,https://www.linkedin.com/company/apply-quantum
Apply Science,https://www.linkedin.com/company/apply-science/
Aqarios,https://www.linkedin.com/company/aqarios-gmbh/
aQCess,https://www.linkedin.com/company/aqcess-platform/
Aqemia,https://www.linkedin.com/company/aqemia
Aqora Quantum,https://www.linkedin.com/company/aqora-quantum/
Aquabits,https://www.linkedin.com/company/aquabits
aQuantum,https://www.linkedin.com/company/aquantumsoftwareengineering
Aquark Technologies,https://www.linkedin.com/company/aquark-technologies
aQuila Photonics,https://www.linkedin.com/company/aquilaphotonics
Aragon Photonics Labs,https://www.linkedin.com/company/aragon-photonics
Archer Materials,https://www.linkedin.com/company/archerxau
Arctic Instruments,https://www.linkedin.com/company/arctic-instruments
Ardent Concepts,https://www.linkedin.com/company/ardent-concepts/
Arline,https://www.linkedin.com/company/arline-quantum
ARM,https://www.linkedin.com/company/arm/
AROBS Polska,https://www.linkedin.com/company/arobs/
Arqit,https://www.linkedin.com/company/arqit
Arque,https://www.linkedin.com/company/arquesystems/
Artificial Brain,https://www.linkedin.com/company/artificial-brain/
Artilux,https://www.linkedin.com/company/artilux-inc.
Aselsan,https://www.linkedin.com/company/aselsan
ASML,https://www.linkedin.com/company/asml/
Aspen Quantum Consulting,https://www.linkedin.com/company/aspen-quantum-consulting/
Aspen Systems,https://www.linkedin.com/company/aspen-systems-inc-
asphericon,https://www.linkedin.com/company/asphericon/
Astrolight,https://www.linkedin.com/company/astrolightspace/
AT&T,https://www.linkedin.com/company/att/
ATEM,https://www.linkedin.com/company/atem-connectivity/
Atlantic Quantum (acquired by Google),https://www.linkedin.com/company/atlantic-quantum
Atom Computing,https://www.linkedin.com/company/atom-computing
Atomic Loops,https://www.linkedin.com/company/atomicloops
Atomionics,https://www.linkedin.com/company/atomionics
AtomQ,https://www.linkedin.com/company/atomq
AtomQL,https://www.linkedin.com/company/atomquantumlabs/
Atos Quantum Lab,https://www.linkedin.com/company/atos
Atotech,https://www.linkedin.com/company/atotechanmksbrand/
attocube systems GmbH,https://www.linkedin.com/company/attocube-systems/
Aurea Technology,https://www.linkedin.com/company/aurea-technology
Automatski,https://www.linkedin.com/company/automatski/
Avanetix,https://www.linkedin.com/company/avanetix
Axetris,https://www.linkedin.com/company/axetris-ag
Axiom Space,https://www.linkedin.com/company/axiom-space
Axis Photonique,https://www.linkedin.com/company/axis-photonique-inc-/
AY Sensors,https://www.linkedin.com/company/ay-sensors-inc
Azimuth Corporation,https://www.linkedin.com/company/azimuth-corporation
Azurlight Systems,https://www.linkedin.com/company/toptica-photonics-sas/
Bain & Company,https://www.linkedin.com/company/bain-and-company
Bandwidth10,https://www.linkedin.com/company/bandwidth10-inc.
Banner Witcoff,https://www.linkedin.com/company/bannerwitcoff/
BardeenQ Labs,https://www.linkedin.com/company/bardeenq
Basel Precision Instruments GmbH,https://www.linkedin.com/company/basel-precision-instruments/
Bay Photonics,https://www.linkedin.com/company/bay-photonics-limited/
Bayern Innovativ,https://www.linkedin.com/company/bayern-innovativ
Beacon Photonics,https://www.linkedin.com/company/beacon-photonics/
BearingPoint,https://www.linkedin.com/company/bearingpoint
BEIT,https://www.linkedin.com/company/beit.tech
Benchmark,https://www.linkedin.com/company/benchelec/
Berthold Leibinger Stiftung GmbH,https://www.linkedin.com/company/berthold-leibinger-stiftung-gmbh
Besi,https://www.linkedin.com/company/besi-netherlands-bv/
Beyond Semiconductor,https://www.linkedin.com/company/beyond-semiconductor
Bifrost Electronics,https://www.linkedin.com/company/bifrost-electronics
Bikanta,https://www.linkedin.com/company/bikanta/
Biobab AiBIO,https://www.linkedin.com/company/baobabaibio
Biospherical Instruments,https://www.linkedin.com/company/biospherical/
BIP,https://www.linkedin.com/company/bip-global
Bita Quantum AI,https://www.linkedin.com/company/bitaquantumai
Black Semiconductor,https://www.linkedin.com/company/black-semiconductor/
Blackhills Quantum Computing and Marketing (BQCM),https://www.linkedin.com/company/blackhillsquantum/
BLAKFX,https://www.linkedin.com/company/blakfx
Bleximo,https://www.linkedin.com/company/bleximo-corp
Bloch,https://www.linkedin.com/company/blochsa
Bloq,https://www.linkedin.com/company/bloquantum/
Blue Ridge Networks,https://www.linkedin.com/company/blue-ridge-networks
Blue Ridge Optics,https://www.linkedin.com/company/blue-ridge-optics
BlueDot Photonics,https://www.linkedin.com/company/bluedot-photonics/
Bluefors,https://www.linkedin.com/company/bluefors
BlueQubit,https://www.linkedin.com/company/bluequbit/
BluGlass,https://www.linkedin.com/company/bluglass-ltd/
Bluspecs,https://www.linkedin.com/company/bluspecs
Boeing,https://www.linkedin.com/company/boeing/
Bohr Quantum Technology,https://www.linkedin.com/company/bohr-quantum-technology
Boltz.ai,https://www.linkedin.com/company/boltzai
Bosch Quantum Sensing,https://www.linkedin.com/company/bosch-quantum-sensing
Boston Consulting Group,https://www.linkedin.com/company/boston-consulting-group/
Boston Electronics,https://www.linkedin.com/company/boston-electronics
Boston Limited,https://www.linkedin.com/company/boston-limited
Boxcat Inc.,https://www.linkedin.com/company/boxcatinc/
Boyue Technology,https://www.linkedin.com/company/boyue-instruments-shanghai-co-ltd/
BQP,https://www.linkedin.com/company/bqp-sim/
BraneCell Systems,https://www.linkedin.com/company/branecell/
BridgeComm,https://www.linkedin.com/company/bridgecomminc/
Bridger Photonics,https://www.linkedin.com/company/bridger-photonics-inc/
BRIGHT integrated Photonics,https://www.linkedin.com/company/bright-photonics/
BROADMIND,https://www.linkedin.com/company/broadmindme/
Bruker,https://www.linkedin.com/company/bruker-corporation/
BTQ,https://www.linkedin.com/company/btqag/
Bundesdruckerei-Gruppe,https://www.linkedin.com/company/bundesdruckerei/
C12 Quantum Electronics,https://www.linkedin.com/company/c12-quantum-electronics/
Cailabs,https://www.linkedin.com/company/cailabs/
Caledonian Photonics,https://www.linkedin.com/company/caledonianphotonics/
Calmar Laser,https://www.linkedin.com/company/calmar-laser/
Cambridge Consultants,https://www.linkedin.com/company/cambridge-consultants/
Cambridge Quantum Computing (merged with HQS),https://www.linkedin.com/company/cambridge-quantum-computing-limited/
CamGraPhIC,https://www.linkedin.com/company/camgraphic/
Capgemini,https://www.linkedin.com/company/capgemini/
Carrousel Digital,https://www.linkedin.com/company/carrousel-digital/
"Castle Shield Holdings, LLC",https://www.linkedin.com/company/castle-shield/
Castor,https://www.linkedin.com/company/castor-optics/
Cavero Quantum,https://www.linkedin.com/company/caveroquantum
CDimension,https://www.linkedin.com/company/c-dimension/
Cellframe Network,https://www.linkedin.com/company/cellframenet
Cerca Magnetics Limited,https://www.linkedin.com/company/cerca-magnetics/
Ceruleant Systems,https://www.linkedin.com/company/ceruleant/
ChainAware.ai,https://www.linkedin.com/company/chainaware/
Chase Research Cryogenics,https://www.linkedin.com/company/chaseresearchcryogenics
Check Point Software Technologies,https://www.linkedin.com/company/check-point-software-technologies
Chelpis,https://www.linkedin.com/company/chelpis/
ChemAlive,https://www.linkedin.com/company/chemalive-sa
Chemia Discovery,https://www.linkedin.com/company/chemia-discovery
China Unicom,https://www.linkedin.com/company/china-unicom
Chinar Quantum AI,https://www.linkedin.com/company/chinarqai/
Chipiron,https://www.linkedin.com/company/chipiron/
Chiral Nano,https://www.linkedin.com/company/chiralnano
Chiral Photonics,https://www.linkedin.com/company/chiral-photonics
Chromacity Lasers,https://www.linkedin.com/company/chromacity-ltd
CIMA+,https://www.linkedin.com/company/cima-/life/
Cipherbit,https://www.linkedin.com/company/cipherbit-grupo-oes%C3%ADa
CipherLoc (Rebranded to SideChannel),https://www.linkedin.com/company/sidechannelsecurity/
CIQTEK,https://www.linkedin.com/company/ciqtek
CJW Quantum Consulting LLC,https://www.linkedin.com/company/cjw-quantum-consulting/
Classiq,https://www.linkedin.com/company/classiq-technologies
Cloud Pharmaceuticals,https://www.linkedin.com/company/cloud-pharmaceuticals
Cloudangles,https://www.linkedin.com/company/cloudangles/
CMC Microsystems,https://www.linkedin.com/company/cmc-microsystems/
Code-X,https://www.linkedin.com/company/team-code-x
Coforge,https://www.linkedin.com/company/coforge-tech/
CogniFiber,https://www.linkedin.com/company/cognifiber-ltd/
Cogniframe,https://www.linkedin.com/company/cogniframe
Cognizant,https://www.linkedin.com/company/cognizant/
Coherent,https://www.linkedin.com/company/coherent-corp
Coherent Scientific,https://www.linkedin.com/company/coherent-scientific
ColibriTD,https://www.linkedin.com/company/colibritd/
Collins Aerospace,https://www.linkedin.com/company/collins-aerospace/
Colorful Matter,https://www.linkedin.com/company/colorful-matter/
Colt Technology Services,https://www.linkedin.com/company/colt-technology-services
Commonwealth Scientific and Industrial Research Organisation,https://www.linkedin.com/company/csiro
Commutator Studios,https://www.linkedin.com/company/commutatorstudios
Compound Semiconductor Centre,https://www.linkedin.com/company/compound-semiconductor-centre/
ComPro,https://www.linkedin.com/company/compro-bilisim-teknolojileri
Comptek Solutions,https://www.linkedin.com/company/comptek-solutions/
Compumedics,https://www.linkedin.com/company/compumedics
Con-Science AB,https://www.linkedin.com/company/con-science/?originalSubdomain=se
Conductor Quantum,https://www.linkedin.com/company/conductorquantum/
Confocal.nl,https://www.linkedin.com/company/confocal-nl/
Cornami,https://www.linkedin.com/company/cornami-inc.
Cornes Technologies,https://www.linkedin.com/company/cornes-technologies-limited/
"Cosmic Microwave Technology, Inc.",https://www.linkedin.com/company/cosmicmicrowavetechnology
Cosylab,https://www.linkedin.com/company/cosylab/
Coto Technology,https://www.linkedin.com/company/cototechnology
Covesion,https://www.linkedin.com/company/covesion/
CR8DL,https://www.linkedin.com/company/cr8dlcloud
Craft Prospect,https://www.linkedin.com/company/craft-prospect/
CreativeQuantum,https://www.linkedin.com/company/creativequantum-gmbh
Creotech,https://www.linkedin.com/company/creotech
Crosslight Software,https://www.linkedin.com/company/crosslight-software
Crown Sterling,https://www.linkedin.com/company/crown-sterling
Cryofab,https://www.linkedin.com/company/cryofab-inc.
Cryogenic,https://www.linkedin.com/company/cryogenic-ltd
CryoMagnetics,https://www.linkedin.com/company/cryomagnetics-inc-
Cryomech [Acquired by Bluefors],https://www.linkedin.com/company/cryomech
Crypta Labs,https://www.linkedin.com/company/crypta-labs
Crypto Quantique,https://www.linkedin.com/company/crypto-quantique
Crypto4A Technologies,https://www.linkedin.com/company/crypto4a
CryptoExperts,https://www.linkedin.com/company/cryptoexperts/
Cryptomathic,https://www.linkedin.com/company/cryptomathic
CryptoNext Security,https://www.linkedin.com/company/cryptonext-security
Cryptosense [Acquired by SandboxAQ],https://www.linkedin.com/company/cryptosense/
Crystal Quantum Computing,https://www.linkedin.com/company/crystal-quantum-computing
Crystal Systems,https://www.linkedin.com/company/crystal-systems-llc-salem-ma/
CS GROUP,https://www.linkedin.com/company/cs-sopra-steria-company/
CSEM,https://www.linkedin.com/company/csem/
CTR Inc. [acquired by Transtech Group],https://www.linkedin.com/company/cryogenictechnologyresources
CUBE ROBOT X,https://www.linkedin.com/company/cube-robot-x/
CUbIQ Technologies,https://www.linkedin.com/company/cubiqtechnologies
Culgi,https://www.linkedin.com/company/culgi
CVD Equipment Corporation,https://www.linkedin.com/company/cvd-equipment-corporation/?trk=top_nav_home
CyberHive,https://www.linkedin.com/company/cyberhiveuk
CyberProtonics,https://www.linkedin.com/company/cyberprotonics
CyberRidge,https://www.linkedin.com/company/cyberridge/
CyferAll,https://www.linkedin.com/company/cyferall
Cymaris Labs,https://www.linkedin.com/company/cymaris
Cyph,https://www.linkedin.com/company/cyph
Cyphertop,https://www.linkedin.com/company/cyphertop
Cystel,https://www.linkedin.com/company/cystel
d-fine,https://www.linkedin.com/company/d-fine
D-Wave Quantum,https://www.linkedin.com/company/d-wave-quantum/
Dacoso,https://www.linkedin.com/company/dacoso-gmbh
Danaher Cryogenics,https://www.linkedin.com/company/danaher-cryogenics/
"Daon, Inc.",https://www.linkedin.com/company/daon/
DAS Photonics,https://www.linkedin.com/company/das-photonics/
Dash,https://www.linkedin.com/company/dashintelligencedotcom
Data Cybernetics,https://www.linkedin.com/company/data-cybernetics-ssc-gmbh
DB Systel GmbH,https://www.linkedin.com/company/db-systel-gmbh
De Vries & Metman,https://www.linkedin.com/company/de-vries-&-metman
Decentralized Bamboo,https://www.linkedin.com/company/decentralized-bamboo/
Deeplight,https://www.linkedin.com/company/deeplightlasers/posts/?feedView=all
Delft Circuits,https://www.linkedin.com/company/delft-circuits
Deloitte,https://www.linkedin.com/company/deloitte/
DelQuanTech,https://www.linkedin.com/company/delquantech
Delta Diagnostics,https://www.linkedin.com/company/deltalifescience/
Delta G Ltd,https://www.linkedin.com/company/delta-g-ltd
Delta Photonics,https://www.linkedin.com/company/delta-photonics
Dencrypt,https://www.linkedin.com/company/dencrypt/
DenseLight,https://www.linkedin.com/company/denselight/
Denton Vacuum,https://www.linkedin.com/company/denton-vacuum/
DEPHAN,https://www.linkedin.com/company/dephan/
Design Zyme LLC,https://www.linkedin.com/company/design-zyme-llc/
DeteQt,https://www.linkedin.com/company/deteqt/
DFM - Danish National Metrology Institute,https://www.linkedin.com/company/danish-fundamental-metrology/
Diamante,https://www.linkedin.com/company/diamante-io/
DiamFab,https://www.linkedin.com/company/diamfab-grenoble/
Diamond Materials,https://www.linkedin.com/company/diamond-materials
Diamond Quanta,https://www.linkedin.com/company/diamond-quanta
DIAS,https://www.linkedin.com/company/dias-geophysical
DiaSense,https://www.linkedin.com/company/diasense
Diatope,https://www.linkedin.com/company/diatope/?originalSubdomain=de
Diffraqtion,https://www.linkedin.com/company/diffraqtion
Dihuni,https://www.linkedin.com/company/dihuni
Dirac,https://www.linkedin.com/company/diracinc/
Diramics,https://www.linkedin.com/company/diramics
Diraq,https://www.linkedin.com/company/diraq/
DishaNitish Technologies,https://www.linkedin.com/company/dishanitish/
Dobslit,https://www.linkedin.com/company/dobslit
Dotphoton,https://www.linkedin.com/company/dotphoton
DotQuantum,https://www.linkedin.com/company/dotquantum-io
Draper,https://www.linkedin.com/company/draper
Dream Photonics,https://www.linkedin.com/company/dream-photonics
Dream Security,https://www.linkedin.com/company/dreamsecurity-inc/
DRS Daylight Solutions,https://www.linkedin.com/company/daylight-solutions/
DrX Works,https://www.linkedin.com/company/drx-works-bv/
Duality Quantum Photonics,https://www.linkedin.com/company/dualityqp/
Dust Identity,https://www.linkedin.com/company/dust-identity-inc/
Dynex,https://www.linkedin.com/company/dynex-development/
Eagleyard Photonics GmbH,https://www.linkedin.com/company/eagleyard-photonics-gmbh/
Eblana Photonics,https://www.linkedin.com/company/eblana-photonics-ltd/
Edmund Optics,https://www.linkedin.com/company/edmund-optics/
edQuanta,https://www.linkedin.com/company/edquanta
EeroQ,https://www.linkedin.com/company/qchardware/
EFFECT Photonics,https://www.linkedin.com/company/effect-photonics/
Egreen Quanta LLP,https://www.linkedin.com/company/egreen-quanta/
Eigensystems,https://www.linkedin.com/company/eigensystem
Eight Bells,https://www.linkedin.com/company/eight-bells-ltd/
Elecnor Deimos,https://www.linkedin.com/company/deimos-space-company/
Electronic Power Board (EPB),https://www.linkedin.com/company/epbofchattanooga
Element Six,https://www.linkedin.com/company/element-six/
Elemental Scientific Lasers,https://www.linkedin.com/company/elemental-scientific
eleQtron,https://www.linkedin.com/company/eleqtron-gmbh
"ElFys, Inc.",https://www.linkedin.com/company/elfys
ELTA Systems,https://www.linkedin.com/company/elta/
Elyah,https://www.linkedin.com/company/elyah
Emergence Quantum,https://www.linkedin.com/company/emergencequantum/
Emerson,https://www.linkedin.com/company/emerson/
Encapsulix,https://www.linkedin.com/company/encapsulix
Enclustra,https://www.linkedin.com/company/enclustra
Energetiq Technology,https://www.linkedin.com/company/energetiq-technology/
Enlightra,https://www.linkedin.com/company/enlightra
enQase,https://www.linkedin.com/company/enqase
EnQuanta,https://www.linkedin.com/company/enquantainc
Enquantum,https://www.linkedin.com/company/enquantum-ltd/
ENTANGLE,https://www.linkedin.com/company/entangle-llc
Entangled Networks [Acquired by IonQ],https://www.linkedin.com/company/entangled-networks/
Entanglement,https://www.linkedin.com/company/entanglementai
Entanglement Institute,https://www.linkedin.com/company/entanglementinstitute/
Entanglement Partners sl,https://www.linkedin.com/company/entanglement-partners-sl
Entanglement Technologies,https://www.linkedin.com/company/entanglement-technologies-inc/
EntangleTech,https://www.linkedin.com/company/entangletech/?originalSubdomain=tw
Entropica Labs,https://www.linkedin.com/company/entropica-labs
Entropya,https://www.linkedin.com/company/entropya/
Ephos,https://www.linkedin.com/company/ephos-io
Equal1,https://www.linkedin.com/company/equal1
Ergo Quantum,https://www.linkedin.com/company/ergo-quantum-inc/
Ernst & Young (EY),https://www.linkedin.com/company/ernstandyoung/
Error Corp.,https://www.linkedin.com/company/error-corp
eShard,https://www.linkedin.com/company/eshard
Ethicqual,https://www.linkedin.com/company/ethicqual/
EuQlid,https://www.linkedin.com/company/euqlid-quantum/
EurA,https://www.linkedin.com/company/eura-ag/
European Quantum,https://www.linkedin.com/company/europeanquantum/
Evatec,https://www.linkedin.com/company/evatec-ag/
Eviden,https://www.linkedin.com/company/eviden
EvolutionQ,https://www.linkedin.com/company/evolutionq
Exail,https://www.linkedin.com/company/exail/
exaQ.ai,https://www.linkedin.com/company/exaq-ai
Excelitas Technologies,https://www.linkedin.com/company/excelitas-technologies
ExeQuantum,https://www.linkedin.com/company/exequantum/
EXFO,https://www.linkedin.com/company/exfo
EYL,https://www.linkedin.com/company/eylinc/
Ezzi Vision,https://www.linkedin.com/company/ezzi-vision-pty-ltd
Fabrum,https://www.linkedin.com/company/fabrum/
FAccTs,https://www.linkedin.com/company/faccts
FAR Biotech,https://www.linkedin.com/company/far-biotech
Fathom Radiant,https://www.linkedin.com/company/fathom-radiant
FCE Frankfurt Consulting Engineers GmbH,https://www.linkedin.com/company/fce-frankfurt-consulting-engineers-gmbh
FeBI Technologies,https://www.linkedin.com/company/febi-technologies
FEMTOprint,https://www.linkedin.com/company/3224552
Femtum,https://www.linkedin.com/company/femtum/?originalSubdomain=ca
Fermioniq,https://www.linkedin.com/company/fermioniq
few-cycle,https://www.linkedin.com/company/few-cycle/
Fibercore,https://www.linkedin.com/company/fibercore-limited/
ficonTEC,https://www.linkedin.com/company/ficontec
FigXQuantum,https://www.linkedin.com/company/figxquantum/
Finchetto,https://www.linkedin.com/company/finchetto
finQbit,https://www.linkedin.com/company/finqbit
FISBA,https://www.linkedin.com/company/fisba
Fixstars,https://www.linkedin.com/company/fixstars-corporation/
Flawless Photonics,https://www.linkedin.com/company/flawless-photonics/
Florence Quantum Labs,https://www.linkedin.com/company/florencequantumlabs/
Fluence.technology,https://www.linkedin.com/company/fluencetechnology
Focuslight Technologies Inc,https://www.linkedin.com/company/focuslight-technologies
Foley Hoag LLP,https://www.linkedin.com/company/foley-hoag-llp/
Folio Photonics,https://www.linkedin.com/company/folio-photonics-inc
FOM Technologies,https://www.linkedin.com/company/fom-technologies
Foqus,https://www.linkedin.com/company/foqus-tech/
FORCE Technology,https://www.linkedin.com/company/force-technology
ForeQast Technologies Limited,https://www.linkedin.com/company/foreqastai
FormFactor Inc.,https://www.linkedin.com/company/formfactor
Fortaegis Technologies,https://www.linkedin.com/company/fortaegis-technologies
Fortanix,https://www.linkedin.com/company/fortanix/
Forward Edge-AI,https://www.linkedin.com/company/forwardedgeai/
Forward Photonics,https://www.linkedin.com/company/forward-photonics/
Foxconn,https://www.linkedin.com/company/%E9%B4%BB%E6%B5%B7%E7%B2%BE%E5%AF%86%E5%B7%A5%E6%A5%AD%E8%82%A1%E4%BB%BD%E6%9C%89%E9%99%90%E5%85%AC%E5%8F%B8/
fragmentiX Storage Solutions,https://www.linkedin.com/company/fragmentix-storage-solutions-gmbh/
Frankfurt Laser Company,https://www.linkedin.com/company/frankfurt-laser-company
Fraunhofer UK Research Limited,https://www.linkedin.com/company/fraunhofer-uk-research-limited/
Freedom Photonics,https://www.linkedin.com/company/freedom-photonics/
Frequency Electronics,https://www.linkedin.com/company/frequency-electronics/
Frontiers,https://www.linkedin.com/company/frontiers
Fujitsu,https://www.linkedin.com/company/fujitsu
Future Worlds Labs,https://www.linkedin.com/company/future-worlds
Futurex,https://www.linkedin.com/company/futurex/
Futurice,https://www.linkedin.com/company/futurice
FYLA Laser,https://www.linkedin.com/company/fyla
g2-Zero,https://www.linkedin.com/company/g2-zero
G2Q Computing,https://www.linkedin.com/company/g2qcomputing/
GDQ,https://www.linkedin.com/company/gdqlabs/
Gekko Photonics,https://www.linkedin.com/company/gekko-photonics
GEM Systems,https://www.linkedin.com/company/gem-systems-inc-/
General Dynamics Information Technology,https://www.linkedin.com/company/gdit
General Dynamics Mission Systems,https://www.linkedin.com/company/gdms
Genesis Quantum Inc.,https://www.linkedin.com/company/genesis-quantum-inc/
Genuine Optics,https://www.linkedin.com/company/genuine-optics/
GESDA - Geneva Science and Diplomacy Anticipator,https://www.linkedin.com/company/gesda-global
Gigajot Technology,https://www.linkedin.com/company/gigajot
Global Data Quantum,https://www.linkedin.com/company/globaldatum/
Global Quantum Intelligence,https://www.linkedin.com/company/globalqi/
GlobalFoundries,https://www.linkedin.com/company/globalfoundries/
GLOphotonics,https://www.linkedin.com/company/glophotonics/
Good Chemistry Company [Acquired by SandboxAQ],https://www.linkedin.com/company/goodchemistry
GoodLabs Studio,https://www.linkedin.com/company/goodlabs-studio
Google DeepMind [Acquired by Google],https://www.linkedin.com/company/googledeepmind
GoQuantum,https://www.linkedin.com/company/goquantum
Great Lakes Crystal Technologies (GLCT),https://www.linkedin.com/company/glctech
Grid,https://www.linkedin.com/company/gridpredict
Groove Quantum,https://www.linkedin.com/company/groove-quantum
Groovenauts,https://www.linkedin.com/company/groovenauts/
Guangdong Hottech Industrial,https://www.linkedin.com/company/hottechsemi
"Guangdong Mason Technologies Co., Ltd",https://www.linkedin.com/company/masonled/
Guardion,https://www.linkedin.com/company/guardion/
Gurobi Optimization,https://www.linkedin.com/company/gurobi-optimization/
GWR Instruments,https://www.linkedin.com/company/gwr-instruments-inc./
GXC [Photonics Division],https://www.linkedin.com/company/gxcinc
H-Bar,https://www.linkedin.com/company/h-bar-quantum-consultants
Hafnium Labs,https://www.linkedin.com/company/hafniumlabs
Haiqu,https://www.linkedin.com/company/haiquai
Hamamatsu Photonics,https://www.linkedin.com/company/hamamatsu-photonics-deutschland
Harlin Ltd,https://www.linkedin.com/company/harlin-ltd/?originalSubdomain=uk
HCD Research,https://www.linkedin.com/company/hcd-research/
HCL Technologies,https://www.linkedin.com/company/hcltech/
Heidelberg Instruments,https://www.linkedin.com/company/heidelberg-instruments/
Helia Photonics,https://www.linkedin.com/company/helia-photonics-ltd
Hengtong Optoelectronics,https://www.linkedin.com/company/hengtong-optic-electric-co-ltd
HEQA Security (Formerly QuantLR),https://www.linkedin.com/company/heqa-sec
Hesse Mechatronics,https://www.linkedin.com/company/hesse-mechatronics-usa/
Hewlett Packard Enterprise,https://www.linkedin.com/company/hewlett-packard-enterprise
HGLaser,https://www.linkedin.com/company/hglaser/
High Precision Devices (Acquired by FormFactor),https://www.linkedin.com/company/high-precision-devices
HighQ,https://www.linkedin.com/company/highqtechnologies/
HiQuTe Diamond,https://www.linkedin.com/company/hiqute-diamond/
Hispasat,https://www.linkedin.com/company/hispasat
Hitachi,https://www.linkedin.com/company/hitachi
HKA Marketing Communications,https://www.linkedin.com/company/hka-inc--public-relations
Holland & Knight LLP,https://www.linkedin.com/company/holland-knight-llp
HOLOEYE Photonics,https://www.linkedin.com/company/holoeye-photonics-ag/
Honeywell,https://www.linkedin.com/company/honeywell
Hoptroff,https://www.linkedin.com/company/hoptroff-london/
Horiba,https://www.linkedin.com/company/horiba
Horizon Quantum Computing,https://www.linkedin.com/company/horizon-quantum/
HorizonX Consulting,https://www.linkedin.com/company/horizonxc/
HQS Quantum Simulations,https://www.linkedin.com/company/hqs-quantum-simulations
HSBC,https://www.linkedin.com/company/hsbc/
Huawei Cloud,https://www.linkedin.com/company/huaweicloudapac
HUB Security,https://www.linkedin.com/company/hubtechnologiescom/
HUBER+SUHNER,https://www.linkedin.com/company/hubersuhner/
Hummink,https://www.linkedin.com/company/hummink
HybridQuantum.ai,https://www.linkedin.com/company/hybridquantum-ai/
Hyperion,https://www.linkedin.com/company/hyperion-technologies/
Hyperion Research,https://www.linkedin.com/company/hyperion-research-hpc/
HyperLight,https://www.linkedin.com/company/hyperlight-corporation/
HyperSphere,https://www.linkedin.com/company/hyperspheretech
Hypres,https://www.linkedin.com/company/hypres
HÜBNER Photonics,https://www.linkedin.com/company/hubner-photonics/
Ibermática,https://www.linkedin.com/company/ayesa-i/
IBM,https://www.linkedin.com/company/ibm
Ibsen Photonics,https://www.linkedin.com/company/ibsen-photonics/
Icarus Quantum,https://www.linkedin.com/company/icarus-quantum/
Iceberg Quantum,https://www.linkedin.com/company/iceberg-quantum/
ICEoxford,https://www.linkedin.com/company/iceoxford
Icon Photonics,https://www.linkedin.com/company/icon-photonics/
Icosa Computing,https://www.linkedin.com/company/icosacomputing/
ID Quantique [Acquired by IonQ],https://www.linkedin.com/company/id-quantique-sa
IDEMIA,https://www.linkedin.com/company/idemiagroup
"Igniton, Inc",https://www.linkedin.com/company/igniton-inc/
III-V Epi,https://www.linkedin.com/company/iiivepi/
Imagine Optic,https://www.linkedin.com/company/imagine-optic
imec,https://www.linkedin.com/company/imec/
immixGroup,https://www.linkedin.com/company/immixgroup
Imperium Global Advisors,https://www.linkedin.com/company/imperium-global-advisors
Improvising Careers,https://www.linkedin.com/company/improvising-careers
INA Solutions,https://www.linkedin.com/company/ina-solutions-inc/
INANIBUS Unmanned Systems Inc.,https://www.linkedin.com/company/inanibus-unmanned-systems/
Indesmatech,https://www.linkedin.com/company/indesmatech
indie.inc,https://www.linkedin.com/company/indieinc
Indium Corporation,https://www.linkedin.com/company/indium-corporation
INEX Microtechnology,https://www.linkedin.com/company/inex-microtechnology/
Infineon,https://www.linkedin.com/company/infineon-technologies/
InfiniQuant,https://www.linkedin.com/company/infiniquant
InfinityQ,https://www.linkedin.com/company/infinityq/
Infleqtion,https://www.linkedin.com/company/infq/
InfoSec Global [Acquired by Keyfactor],https://www.linkedin.com/company/infosec-global
Infostellar,https://www.linkedin.com/company/infostellar/
Infosys,https://www.linkedin.com/company/infosys/
Ingenii,https://www.linkedin.com/company/ingeniisolutions/
Inmarsat,https://www.linkedin.com/company/inmarsat
Innatera Nanosystems,https://www.linkedin.com/company/innatera/
InnoLume,https://www.linkedin.com/company/innolume-gmbh/
Innoseis,https://www.linkedin.com/company/innoseis-sensor-technologies/
Inside Quantum Technology,https://www.linkedin.com/company/iqt-inside-quantum-technology
INSILICO,https://www.linkedin.com/company/insilico-kor/
Insilico Medicine,https://www.linkedin.com/company/in-silico-medicine
InSpek,https://www.linkedin.com/company/inspek-solutions
Inspiration-Q,https://www.linkedin.com/company/inspiration-q/?originalSubdomain=es
Institute For Quantum Computing,https://www.linkedin.com/company/institute-for-quantum-computing
Integrated Optics,https://www.linkedin.com/company/integrated-optics
Intel,https://www.linkedin.com/company/intel-corporation
Intelliconnect (CryoCoax),https://www.linkedin.com/company/intelliconnect-group
Intelline,https://www.linkedin.com/company/intelline-inc/
Intense Photonics,https://www.linkedin.com/company/intense-seo-ltd
InterDigital,https://www.linkedin.com/company/interdigital-communications/
Interlune,https://www.linkedin.com/company/interlune/
Intermodulation Products,https://www.linkedin.com/company/intermod-pro/
Internxt,https://www.linkedin.com/company/internxt/
IOETEC,https://www.linkedin.com/company/ioetec/
IonicScale,https://www.linkedin.com/company/ionicscale-llc
Ionoptika,https://www.linkedin.com/company/ionoptika-ltd-/
IonQ,https://www.linkedin.com/company/ionq-co/
"IoT and M2M Technologies, LLC",https://www.linkedin.com/company/iot-and-m2m-technologies-llc/
Iothic Ltd.,https://www.linkedin.com/company/iothic/
IPG Photonics,https://www.linkedin.com/company/ipg-photonics
iPronics,https://www.linkedin.com/company/ipronics/
IQE,https://www.linkedin.com/company/iqe/
IQM,https://www.linkedin.com/company/iqm-quantum-computers/
iQrypto,https://www.linkedin.com/company/iqrypto
IRIS Technology Group,https://www.linkedin.com/company/iris-s-l-/
IronCAP,https://www.linkedin.com/company/ironcap
ISARA Corporation,https://www.linkedin.com/company/isara-corporation
Isentroniq,https://www.linkedin.com/company/isentroniq
Israel Aerospace Industries,https://www.linkedin.com/company/iai
iXblue,https://www.linkedin.com/company/ixblue/
Izovac Photonics,https://www.linkedin.com/company/izovac-group/
Japan Tobacco Inc.,https://www.linkedin.com/company/japan-tobacco-inc-jt/
Jenoptik,https://www.linkedin.com/company/jenoptik/
JEOL,https://www.linkedin.com/company/jeol-ltd/
JiJ,https://www.linkedin.com/company/jijinc/
JoS Quantum,https://www.linkedin.com/company/jos-quantum/
JTEC Consulting LLC,https://www.linkedin.com/company/jtec-consulting-llc/
K&L Gates,https://www.linkedin.com/company/k&l-gates/
K1 Semiconductor,https://www.linkedin.com/company/k1-semiconductor/
KeeQuant,https://www.linkedin.com/company/keequant/
Kelvin Nanotechnology,https://www.linkedin.com/company/kelvin-nanotechnology-ltd/
KETS Quantum Security,https://www.linkedin.com/company/kets-quantum/
Key Management Solutions,https://www.linkedin.com/company/kmssecurity/
Keyfactor,https://www.linkedin.com/company/wearekeyfactor/
Keysight Technologies,https://www.linkedin.com/company/keysight-technologies/
Keystone Photonics,https://www.linkedin.com/company/keystone-photonics-gmbh/
Ki3 Photonics Technologies Inc.,https://www.linkedin.com/company/ki3-photonics-technologies-inc/
KiloLambda Technologies,https://www.linkedin.com/company/kilolambda-technologies/
Kipu Quantum,https://www.linkedin.com/company/kipu-quantum/
Kiutra,https://www.linkedin.com/company/kiutra/
KMLabs,https://www.linkedin.com/company/kapteyn-murnane-laboratories-kmlabs-inc./
KnectIQ,https://www.linkedin.com/company/knectiq-inc-/
Komm.ONE,https://www.linkedin.com/company/komm-one/
Kothar Computing,https://www.linkedin.com/company/kothar-computing/
KPMG,https://www.linkedin.com/company/kpmg-us/
Kromek,https://www.linkedin.com/company/kromek
Krown Technologies,https://www.linkedin.com/company/krownnetwork/
Krytar,https://www.linkedin.com/company/krytar-inc.
KT,https://www.linkedin.com/company/kt
Kuano,https://www.linkedin.com/company/kuano
Kuanticy,https://www.linkedin.com/company/kuanticy-co-ltd/
Kvantify,https://www.linkedin.com/company/kvantify/
KWAN-TEK,https://www.linkedin.com/company/kwan-tek
Kyocera,https://www.linkedin.com/company/kyocera-global
Lake Shore Cryotronics,https://www.linkedin.com/company/lake-shore-cryotronics
LakeDiamond (operations ceased),https://www.linkedin.com/company/lakediamond1
Laser 2000 UK,https://www.linkedin.com/company/laser-2000-uk-ltd/
Laser Components,https://www.linkedin.com/company/laser-components
Laser Quantum,https://www.linkedin.com/company/laser-quantum-a-novanta-company/
Lastwall,https://www.linkedin.com/company/lastwall/
Lattice Materials,https://www.linkedin.com/company/lattice-materials-llc
Lattice Semiconductor,https://www.linkedin.com/company/lattice-semiconductor
LD4B,https://www.linkedin.com/company/ld4b
Leiden Cryogenics,https://www.linkedin.com/company/leiden-cryogenics/
Leidos,https://www.linkedin.com/company/leidos/
Leonardo,https://www.linkedin.com/company/leonardo_company
levelQuantum,https://www.linkedin.com/company/levelquantum
LG Innotek,https://www.linkedin.com/company/lg-innotek
LI-COR Biosciences,https://www.linkedin.com/company/li-cor/
Ligentec,https://www.linkedin.com/company/ligentec
Light Rider,https://www.linkedin.com/company/light-rider/
Light Trace Photonics,https://www.linkedin.com/company/light-trace-photonics/
Lightelligence,https://www.linkedin.com/company/lightelligence-ai/
Lighthouse DIG,https://www.linkedin.com/company/lighthouse-dig
Lightium,https://www.linkedin.com/company/lightium
Lightmatter,https://www.linkedin.com/company/lightmatter
LightOn,https://www.linkedin.com/company/lighton
LightSolver,https://www.linkedin.com/company/lightsolver
Lightsynq [Acquired by IonQ],https://www.linkedin.com/company/lightsynq
Lightwave Photonics,https://www.linkedin.com/company/lightwave-photonics-inc-
Linde,https://www.linkedin.com/company/linde/
LioniX International,https://www.linkedin.com/company/lionix-international
Lithium Lasers,https://www.linkedin.com/company/lithium-lasers
Lockheed Martin,https://www.linkedin.com/company/lockheed-martin
Logiqal,https://www.linkedin.com/company/logiqal-inc/
Longpath Technologies,https://www.linkedin.com/company/longpathtech/
LongWave Photonics,https://www.linkedin.com/company/longwave-photonics-llc/
Lorica Cybersecurity,https://www.linkedin.com/company/lorica-ai/
Low Noise Factory,https://www.linkedin.com/company/low-noise-factory-ab
LPKF Laser & Electronics,https://www.linkedin.com/company/lpkf-laser-electronics-se/
"LQUOM, Inc.",https://www.linkedin.com/company/lquom
LTIMindtree,https://www.linkedin.com/company/ltimindtree/
Luceda Photonics,https://www.linkedin.com/company/luceda/
Lumenisity,https://www.linkedin.com/company/lumenisity-limited
Lumentum,https://www.linkedin.com/company/lumentum/
Lumibird,https://www.linkedin.com/company/lumibird-group/
Lumino Technologies,https://www.linkedin.com/company/lumino-tech
Luminous Computing,https://www.linkedin.com/company/luminous-computing
Lumiphase,https://www.linkedin.com/company/lumiphase
LUNA Innovations,https://www.linkedin.com/company/luna-innovations
LuxQuanta,https://www.linkedin.com/company/luxquanta
Lytid,https://www.linkedin.com/company/teracascade/
M-Labs,https://www.linkedin.com/company/m-labs-limited
Machnes Keini,https://www.linkedin.com/company/machnes-keini
Macnica,https://www.linkedin.com/company/macnica/
MAG4Health,https://www.linkedin.com/company/mag4health/
MagiQ,https://www.linkedin.com/company/magiq-technologies
Magnetic Shields Limited,https://www.linkedin.com/company/magnetic-shields-limited
MAGNOTHERM,https://www.linkedin.com/company/magnotherm
MantiSpectra,https://www.linkedin.com/company/mantispectra
MAQI,https://www.linkedin.com/company/maqi-materials/
Marki Microwave,https://www.linkedin.com/company/marki-microwave
Massive Analytic,https://www.linkedin.com/company/massive-analytic/
Materials Nexus,https://www.linkedin.com/company/matnex/
MathCo,https://www.linkedin.com/company/themathcompany
Matrics2,https://www.linkedin.com/company/symmatrics/
Maybell Quantum Industries,https://www.linkedin.com/company/maybell-quantum/
Mbryonics,https://www.linkedin.com/company/mbryonics/
Meadowlark Optics,https://www.linkedin.com/company/meadowlark-optics/
Megazone Cloud,https://www.linkedin.com/company/megazonecloud/
MEGIN,https://www.linkedin.com/company/megin
memq,https://www.linkedin.com/company/memq/
Menhir Photonics,https://www.linkedin.com/company/menhir-photonics/
Menlo Systems,https://www.linkedin.com/company/menlo-systems
Menten AI,https://www.linkedin.com/company/menten-ai
Merqury Cybersecurity Limited,https://www.linkedin.com/company/merqury/
Mesa Photonics,https://www.linkedin.com/company/mesa-photonics-llc
Mesa Quantum,https://www.linkedin.com/company/mesa-quantum
Mesolight (Xingshuo Nanotech),https://www.linkedin.com/company/mesolight-llc
MicroAlign,https://www.linkedin.com/company/microalign
Microchip Technology Inc.,https://www.linkedin.com/company/microchip-technology/
Micron Photon Devices,https://www.linkedin.com/company/micro-photon-devices
MicroR Systems,https://www.linkedin.com/company/micror-systems
Microsemi Corporation,https://www.linkedin.com/company/microsemi
Microsoft,https://www.linkedin.com/showcase/microsoft-azure/
Millimeter Wave Systems,https://www.linkedin.com/company/millimeter-wave-systems-llc/
Mind Foundry,https://www.linkedin.com/company/mind-foundry
Miraex,https://www.linkedin.com/company/miraex
MIRO Analytical,https://www.linkedin.com/company/miro-analytical-technologies/
mirSense,https://www.linkedin.com/company/mirsense/
"Mitsui & Co., Ltd.",https://www.linkedin.com/company/mitsui-co-ltd-/
MKS Instruments,https://www.linkedin.com/company/mks-instruments
Mode Software Inc.,https://www.linkedin.com/company/mode-software-inc
Modulight,https://www.linkedin.com/company/modulight
MOGLabs,https://www.linkedin.com/company/moglabs/
Mojo Vision,https://www.linkedin.com/company/mojovision
Molecular Quantum Solutions,https://www.linkedin.com/company/molecular-quantum-solutions-aps
Molket,https://www.linkedin.com/company/molket/
Montana Instruments [Acquired by Atlas Copco],https://www.linkedin.com/company/montanainstruments
Moonlight AI,https://www.linkedin.com/company/moonlight-ai/
Morton Photonics Inc.,https://www.linkedin.com/company/morton-photonics-incorporated
Moth Quantum,https://www.linkedin.com/company/mothquantum/
Mphasis,https://www.linkedin.com/company/mphasis/
MPW,https://www.linkedin.com/company/mpw-llc/
MRSI SYSTEMS,https://www.linkedin.com/company/mrsi-systems
Multibeam Corporation,https://www.linkedin.com/company/multibeam-corporation
MultiLane,https://www.linkedin.com/company/multilane
Multiverse Computing,https://www.linkedin.com/company/multiversecomputing
Munich Quantum Instruments,https://www.linkedin.com/company/mqi-munich-quantum-instruments/
Muquans [acquired by iXblue],https://www.linkedin.com/company/muquans
MuShield,https://www.linkedin.com/company/the-mushield-company-inc-
MY CRYO FIRM [Acquired by PASQAL],https://www.linkedin.com/company/my-cryo-firm
Nagarro,https://www.linkedin.com/company/nagarro
Nano Meta Technologies,https://www.linkedin.com/company/nano-meta-technologies-inc.
Nanoacademic Technologies,https://www.linkedin.com/company/nanoacademic-technologies-inc/
Nanoco Technologies,https://www.linkedin.com/company/nanoco-technologies
Nanofiber Quantum Technologies,https://www.linkedin.com/company/nanofiber-quantum-technologies
Nanome,https://www.linkedin.com/company/nanome-inc
NanoPattern Technologies,https://www.linkedin.com/company/nanopattern
nanoPHAB,https://www.linkedin.com/company/nanophab/
Nanophotonica,https://www.linkedin.com/company/nanophotonica-incorporated
nanoplus Nanosystems and Technologies,https://www.linkedin.com/company/nanoplus
Nanoscribe (acquired by [Cellink]),https://www.linkedin.com/company/nanoscribe/
Nanosys,https://www.linkedin.com/company/nanosys
Nanotronics,https://www.linkedin.com/company/nanotronics-imaging/
Nanoxo,https://www.linkedin.com/company/nanoxo
NAVAL GROUP,https://www.linkedin.com/company/naval-group
NEC,https://www.linkedin.com/company/nec
Nemein,https://www.linkedin.com/company/nemein-ltd-
neoLASE,https://www.linkedin.com/company/neolase-gmbh/
neQxt GmbH,https://www.linkedin.com/company/neqxt/
NetraMark [Acquired by Nurosene],https://www.linkedin.com/company/netramark
Neuranics,https://www.linkedin.com/company/neuranics/
NewPhotonics,https://www.linkedin.com/company/newphotonics
Newport,https://www.linkedin.com/company/newport-corporation
NewSpec,https://www.linkedin.com/company/newspec-pty-ltd
Newton Photonics,https://www.linkedin.com/company/newton-photonics
nexAtom,https://www.linkedin.com/company/nexatom-research-and-instruments-pvt-ltd
Next Generation Quantum,https://www.linkedin.com/company/next-gen-quantum/
nextnano GmbH,https://www.linkedin.com/company/nextnano/
Nexus Photonics,https://www.linkedin.com/company/nexusphotonics/
Nicslab,https://www.linkedin.com/company/nicslabofficial/
NIQS Technology,https://www.linkedin.com/company/niqstech/
Nirvanic Consciousness Technologies,https://www.linkedin.com/company/nirvanic-ai/
NKT Photonics [acquired by Hamamatsu],https://www.linkedin.com/company/nkt-photonics
NLM Photonics,https://www.linkedin.com/company/nlm-photonics/
Noblis,https://www.linkedin.com/company/noblis
NodeQ,https://www.linkedin.com/company/nodequantum
Noisy Labs,https://www.linkedin.com/company/noisy-labs/
Nomad Atomics,https://www.linkedin.com/company/nomadatomics
Nomidio,https://www.linkedin.com/company/nomidio/
Noname Security,https://www.linkedin.com/company/nonamesecurity
Nord Quantique,https://www.linkedin.com/company/nord-quantique
NordAmps,https://www.linkedin.com/company/nordamps
Nordic Quantum Computing Group (operations ceased),https://www.linkedin.com/company/nqcg
NordIQuEst,https://www.linkedin.com/company/nordiquest/
Northrop Grumman,https://www.linkedin.com/company/northrop-grumman-corporation
nortus Systronic,https://www.linkedin.com/company/nortus-trading-gmbh
Nova Photonics,https://www.linkedin.com/company/nova-photonics-inc.
Novarion,https://www.linkedin.com/company/novarion/
Novum Industria,https://www.linkedin.com/company/novum-industria
NTT,https://www.linkedin.com/company/ntt/
Nu Quantum,https://www.linkedin.com/company/nu-quantum
NubisAI,https://www.linkedin.com/company/nubisai-inc
NuCrypt,https://www.linkedin.com/company/nucrypt-net/
NuFlare,https://www.linkedin.com/company/nuflare-technology-inc./
Nullspace Inc.,https://www.linkedin.com/company/nullspace-inc
Numana,https://www.linkedin.com/company/numanatech/
Nuvu Cameras Inc.,https://www.linkedin.com/company/nuvucameras
nVent SCHROFF,https://www.linkedin.com/company/nvent-schroff-europe
NVIDIA,https://www.linkedin.com/company/nvidia/
Nvision Imaging Technologies,https://www.linkedin.com/company/nvision-imaging-technologies
NXM Labs,https://www.linkedin.com/company/nxm-labs/
NXP Semiconductors,https://www.linkedin.com/company/nxp-semiconductors
O-m6 Technologies Inc.,https://www.linkedin.com/company/o-m6-technologies-inc/
Oak Ridge National Laboratory Quantum Computing Institute (ORNL),https://www.linkedin.com/company/oak-ridge-national-laboratory/
OAM Photonics,https://www.linkedin.com/company/oam-photonics-llc/
Octave Photonics,https://www.linkedin.com/company/octavephotonics
ODE L3C,https://www.linkedin.com/company/ode-l3c
ODMR Technologies Inc.,https://www.linkedin.com/company/odmr-technologies-inc/
OEwaves Inc.,https://www.linkedin.com/company/oewaves/
Officina Stellare,https://www.linkedin.com/company/officina-stellare-srl/
OFS,https://www.linkedin.com/company/ofs
Oklahoma Quantum,https://www.linkedin.com/company/oklahomaquantum/
Okmetic,https://www.linkedin.com/company/okmetic-oy/
Oliver Wyman,https://www.linkedin.com/company/oliver-wyman
One Silicon Chip Photonics,https://www.linkedin.com/company/one-silicon-chip-photonics/
Oneoq,https://www.linkedin.com/company/oneoq
Onnes Technologies,https://www.linkedin.com/company/onnestechnologies
onsemi,https://www.linkedin.com/company/onsemi/
Opacity,https://www.linkedin.com/company/opacity-quantum
Open Quantum Design (OQD),https://www.linkedin.com/company/open-quantum-design
OpenQuantum,https://www.linkedin.com/company/open-quantum/
Opsys Technologies,https://www.linkedin.com/company/opsys-technologies/
Optagon Photonics,https://www.linkedin.com/company/optagon-photonics
Optalysys,https://www.linkedin.com/company/optalysys
Optence,https://www.linkedin.com/company/optence-e-v-
Optics11,https://www.linkedin.com/company/optics11bv/
Optiwave Systems Inc.,https://www.linkedin.com/company/optiwave-systems
OptQC,https://www.linkedin.com/company/optqc-corp/
OptWare,https://www.linkedin.com/company/optware-gmbh
Orange Quantum Systems,https://www.linkedin.com/company/orangeqs
OrbitsEdge,https://www.linkedin.com/company/orbitsedge
ORCA Computing,https://www.linkedin.com/company/orcacomputing
Orientom,https://www.linkedin.com/company/orientom
Origin Quantum,https://www.linkedin.com/company/origin-quantum
OrionX.net,https://www.linkedin.com/company/orionx-net/
Safran (formerly OROLIA),https://www.linkedin.com/company/safran-navigation-timing/
Orsay Physics,https://www.linkedin.com/company/orsay-physics
Ostendo,https://www.linkedin.com/company/ostendo-technologies
OTI Lumionics,https://www.linkedin.com/company/oti-lumionics
OVHcloud,https://www.linkedin.com/company/ovhgroup/
Oxford Cryosystems,https://www.linkedin.com/company/oxford-cryosystems/
Oxford Instruments,https://www.linkedin.com/company/oxford-instruments
Oxford Ionics [Acquired by IonQ],https://www.linkedin.com/company/oxfordionics
Oxford Lasers,https://www.linkedin.com/company/oxford-lasers/
Oxford Quantum Circuits,https://www.linkedin.com/company/oqc
OZ Optics Ltd.,https://www.linkedin.com/company/oz-optics
Palo Alto Networks,https://www.linkedin.com/company/palo-alto-networks
Pantherun Technologies,https://www.linkedin.com/company/pantherun-technologies/
Papafut Quantum,https://www.linkedin.com/company/papafut/?viewAsMember=true
Paragraf,https://www.linkedin.com/company/paragrafltd
ParityQC,https://www.linkedin.com/company/parityqc
ParTec AG,https://www.linkedin.com/company/partec-ag
Partisia,https://www.linkedin.com/company/partisia
Partow Technologies,https://www.linkedin.com/company/partow-technologies-llc
PASQAL,https://www.linkedin.com/company/pasqal
Patero,https://www.linkedin.com/company/patero-inc/
Pauli Group,https://www.linkedin.com/company/pauli-group/
Peak Quantum,https://www.linkedin.com/company/peak-quantum-computing
Pfeiffer,https://www.linkedin.com/company/pfeiffer-vacuum/
Phantom Photonics,https://www.linkedin.com/company/phantom-photonics
Pharmacelera,https://www.linkedin.com/company/pharmacelera
PharmCADD,https://www.linkedin.com/company/pharmcadd
Phase Space Computing,https://www.linkedin.com/company/circqit
Phasecraft,https://www.linkedin.com/company/phasecraft/
Phaseshift Technologies,https://www.linkedin.com/company/phaseshift-tech
PHIX Photonics Assembly,https://www.linkedin.com/company/phix-photonics/
Phlux Technology,https://www.linkedin.com/company/phluxtechnology/
Phoenix Photonics,https://www.linkedin.com/company/phoenix-photonics-ltd/
Photodigm,https://www.linkedin.com/company/photodigm
Photon Force,https://www.linkedin.com/company/photon-force
Photon Bridge (formerly PHOTON IP),https://www.linkedin.com/company/photonbridge/
Photon Queue,https://www.linkedin.com/company/photon-queue
Photon Spot,https://www.linkedin.com/company/photon-spot-inc.
Photon Technology,https://www.linkedin.com/company/photon-technology-co-ltd/
Photonic Inc.,https://www.linkedin.com/company/teamphotonic
Photonic Solutions Ltd.,https://www.linkedin.com/company/photonic-solutions
Photonic System Inc,https://www.linkedin.com/company/photonic-systems-inc.
PHOTONICPARTS,https://www.linkedin.com/company/photonicparts/
PhotonicsQ,https://www.linkedin.com/company/photonicsq/
Photonis,https://www.linkedin.com/company/photonis
Photonpath,https://www.linkedin.com/company/photonpath
PHPK Technologies,https://www.linkedin.com/company/phpk-technologies
PHYSEC,https://www.linkedin.com/company/physec-gmbh/
Physical Sciences Inc.,https://www.linkedin.com/company/physical-sciences-inc-
Pi Imaging Technology,https://www.linkedin.com/company/pi-imaging-technology
PiCard Systems,https://www.linkedin.com/company/picard-systems/
PicoQuant,https://www.linkedin.com/company/picoquant
Picosun Group,https://www.linkedin.com/company/picosun
PiDust,https://www.linkedin.com/company/pidust
Pilot Photonics,https://www.linkedin.com/company/pilotphotonics/
PINC,https://www.linkedin.com/company/pinctech
PioniQ,https://www.linkedin.com/company/pioniq-technologies/
Pivotport,https://www.linkedin.com/company/pivotport-inc./?original_referer=https%3A%2F%2Fwww%2Egoogle%2Ecom%2F&originalSubdomain=hk
Pixel Photonics,https://www.linkedin.com/company/pixelphotonics
Planckian,https://www.linkedin.com/company/planckian
Planerio GmbH,https://www.linkedin.com/company/planerio
PlanetAI Space,https://www.linkedin.com/company/planetai-space/
planqc,https://www.linkedin.com/company/planqc/
Plasma-Therm,https://www.linkedin.com/company/plasma-therm/
Plassys Bestek,https://www.linkedin.com/company/plassys-bestek/
Polar Analysis,https://www.linkedin.com/company/polar-analysis/?trk=similar-pages
POLARISqb,https://www.linkedin.com/company/polarisqb
Polariton Technologies Ltd.,https://www.linkedin.com/company/polariton-technologies
Polo Research,https://www.linkedin.com/company/polo-research/
Polygon Physics,https://www.linkedin.com/company/polygon-physics
Polyphase Microwave,https://www.linkedin.com/company/polyphase-microwave-inc-
Polyteknik,https://www.linkedin.com/company/polyteknik-a-s/
Post-Quantum,https://www.linkedin.com/company/post-quantum
PowerPhotonic,https://www.linkedin.com/company/powerphotonic
PQSecure,https://www.linkedin.com/company/pqsecure
PQShield,https://www.linkedin.com/company/pqshield
Pramatra Space,https://www.linkedin.com/company/pramatra-space/
Pranalytica,https://www.linkedin.com/company/pranalytica/
Precilasers,https://www.linkedin.com/company/precilasers-europe/
PrenishQ,https://www.linkedin.com/company/prenishq
Prevac,https://www.linkedin.com/company/prevac-sp-z-o-o/
Price Waterhouse Cooper (PwC),https://www.linkedin.com/company/pwc/
Pride Cryogenics,https://www.linkedin.com/company/724pridecryogenics
Princeton Innotech,https://www.linkedin.com/company/princeton-innotech-inc
Pristine Diamonds,https://www.linkedin.com/company/pristine-diamonds-private-limited
Project 11,https://www.linkedin.com/company/p-11
Promete,https://www.linkedin.com/company/promete-srl
Pronoia Energy,https://www.linkedin.com/company/pronoiaenergy
ProteinQure,https://www.linkedin.com/company/proteinqure
Protiviti,https://www.linkedin.com/company/protiviti/
Proton VPN,https://www.linkedin.com/company/protonprivacy/
PROUD Technology,https://www.linkedin.com/company/proudtechnology
PsiQuantum,https://www.linkedin.com/company/psiquantum-ltd
Psirch,https://www.linkedin.com/company/psirch/
Pureon,https://www.linkedin.com/company/pureongroup/
PureVPN,https://www.linkedin.com/showcase/purevpncom
Q&Co,https://www.linkedin.com/company/qndco-quantum-computing/
Q&I,https://www.linkedin.com/company/q&iltd
Q*Bird,https://www.linkedin.com/company/q-bird
Q-Alchemy,https://www.linkedin.com/showcase/q-alchemy
Q-Block Computing Inc.,https://www.linkedin.com/company/q-block
Q-CTRL,https://www.linkedin.com/company/q-ctrl
Q-iSIM,https://www.linkedin.com/company/q-isim/
Q. BPO Consulting,https://www.linkedin.com/company/q-bpo-consulting/
Q.ANT,https://www.linkedin.com/company/qant
Q1t,https://www.linkedin.com/company/q1t-bv
q99,https://www.linkedin.com/company/q99
qAIntum.ai Inc.,https://www.linkedin.com/company/qaintum-ai/
Qaisec,https://www.linkedin.com/company/qaisec
Qamia,https://www.linkedin.com/company/qamia-ai
QANplatform,https://www.linkedin.com/company/qanplatform/
Qapitan Quantum,https://www.linkedin.com/company/qapitan/
QApp,https://www.linkedin.com/company/qapp-tech/
Qarakal Quantum,https://www.linkedin.com/company/qarakal-quantum
QAssurance,https://www.linkedin.com/company/qassurance/
Qausal AI,https://www.linkedin.com/company/qausal-ai/
QBee,https://www.linkedin.com/company/qbeex/
Qbit Labs,https://www.linkedin.com/company/qbitlabs/
QbitLogic,https://www.linkedin.com/company/qbitlogic
Qbits,https://www.linkedin.com/company/qbitsest
Qbitsoft,https://www.linkedin.com/company/qbitsoft-qaas
Qblox,https://www.linkedin.com/company/qblox
qBraid,https://www.linkedin.com/company/qbraid-official/
Qbrain,https://www.linkedin.com/company/q-brain/
QC Design,https://www.linkedin.com/company/qc-design
QC Ware,https://www.linkedin.com/company/qcware
QC82,https://www.linkedin.com/company/qc82/
QCentroid,https://www.linkedin.com/company/qcentroidlab
QD Laser,https://www.linkedin.com/company/qdlaser
QD Solar,https://www.linkedin.com/company/qd-solar-inc-
QDaria,https://www.linkedin.com/company/qdaria
QDevil,https://www.linkedin.com/company/qdevil
QDI Systems,https://www.linkedin.com/company/qdisystems
QEDMA,https://www.linkedin.com/company/qedma-quantum-computing
Qeros,https://www.linkedin.com/company/qeros
QEYnet,https://www.linkedin.com/company/qeynet/
QFactory ApS,https://www.linkedin.com/company/qfactory-dk/
Qhipu Quantum (now Qarakal Quantum?),https://www.linkedin.com/company/qarakal-quantum/
Qilimanjaro,https://www.linkedin.com/company/qilimanjaro
QIndia,https://www.linkedin.com/company/qindia
QinetiQ,https://www.linkedin.com/company/qinetiq_2/
Qinu,https://www.linkedin.com/company/qinu/
Qioptiq,https://www.linkedin.com/company/qioptiq_3
Qkrishi,https://www.linkedin.com/company/qkrishi/
Qlibri,https://www.linkedin.com/company/qlibri-gmbh
QLM,https://www.linkedin.com/company/qlm-technology-ltd
QMill,https://www.linkedin.com/company/qmill
QMWare,https://www.linkedin.com/company/qmwareag
QNA Technology,https://www.linkedin.com/company/qnatechnology
Qnami,https://www.linkedin.com/company/qnami
Qnity,https://www.linkedin.com/company/qnity/
QNu Labs,https://www.linkedin.com/company/qunu-labs-pvt-ltd
Qoherent,https://www.linkedin.com/company/qoherent
Qolab,https://www.linkedin.com/company/qolabai
Qontrol Systems,https://www.linkedin.com/company/qontrol-systems/
qool,https://www.linkedin.com/company/qool-company/
Qoro Quantum,https://www.linkedin.com/company/qoro/
QPerfect (Acquired by BTQ Technologies),https://www.linkedin.com/company/qperfect/
QphoX,https://www.linkedin.com/company/qphox
QpiAI,https://www.linkedin.com/company/qpiai/
QPlayLearn,https://www.linkedin.com/company/qplaylearn/
Qpurpose,https://www.linkedin.com/company/qpurpose
QRate,https://www.linkedin.com/company/goqrate/
Qrithm,https://www.linkedin.com/company/qritrim/
QRL,https://www.linkedin.com/company/the-quantum-resistant-ledger
Qruise,https://www.linkedin.com/company/qruise/
Qrypt,https://www.linkedin.com/company/qrypt-inc
QryptoCyber,https://www.linkedin.com/company/qryptocyber/
QSENSATO,https://www.linkedin.com/company/qsensato/
QSIMPLUS,https://www.linkedin.com/company/qsimplus
QSimulate,https://www.linkedin.com/company/qsimulate
QSpace Technologies,https://www.linkedin.com/company/qspace-technologies
QT Sense,https://www.linkedin.com/company/qtsensebv
QTD Systems,https://www.linkedin.com/company/qtdsystems/
QTekLaser,https://www.linkedin.com/company/qtek-laser/
qtlabs,https://www.linkedin.com/company/quantumtechnologylaboratoriesgmbh
QTurkey,https://www.linkedin.com/company/qturkey/
Quad Quantum,https://www.linkedin.com/company/quadquantum/
QuAIL Technologies,https://www.linkedin.com/company/quailtechnologies/
QUALCOMM Inc.,https://www.linkedin.com/company/qualcomm/
QuamCore,https://www.linkedin.com/company/quamcore
Quan2D Technologies,https://www.linkedin.com/company/quan2d-technologies-pvt-ltd/?originalSubdomain=in
Quanastra,https://www.linkedin.com/company/quanastra/
Quandela,https://www.linkedin.com/company/quandela
Quanfluence,https://www.linkedin.com/company/quanfluence
Quanmatic,https://www.linkedin.com/company/quanmatic
Quanscient,https://www.linkedin.com/company/quanscient
Quant-X Security & Coding,https://www.linkedin.com/company/quant-x-security-coding-gmbh/
Quanta Computer,https://www.linkedin.com/company/quanta-computer-inc-/
Quanta Standard Inc.,https://www.linkedin.com/company/quanta-standard
Quanta-ly,https://www.linkedin.com/company/quanta-ly/
QuantaCyber,https://www.linkedin.com/company/quantacyber/
Quantag,https://www.linkedin.com/company/quantagnano1234/
QuanTag IT Solutions,https://www.linkedin.com/company/quantag-it-solutions
Quantagonia [Acquired by Strangeworks],https://www.linkedin.com/company/quantagonia/
Quantal Security Inc.,https://www.linkedin.com/company/quantal-security
QuantAlps,https://www.linkedin.com/company/quantalps/
QuantaMap,https://www.linkedin.com/company/quantamap
QuantaRed Technologies,https://www.linkedin.com/company/quantared-technologies-gmbh/
QuantaSense,https://www.linkedin.com/company/quantasense
Quantasphere,https://www.linkedin.com/company/quantasphere/
Quantastica,https://www.linkedin.com/company/quantastica
QuantCAD,https://www.linkedin.com/company/quantcad-llc
QuantFi,https://www.linkedin.com/company/quantfi
QuantGates,https://www.linkedin.com/company/quantgatesuk
Quantic Electronics,https://www.linkedin.com/company/quantic-electronics/
Quantica Computacao,https://www.linkedin.com/company/quantica-computacao/
QuantiCor Security,https://www.linkedin.com/company/quanticor-security
QUANTier,https://www.linkedin.com/company/quantier-limited/
Quantifi Photonics,https://www.linkedin.com/company/quantifiphotonics/
Quantika,https://www.linkedin.com/company/quantikaco
Quantiki,https://www.linkedin.com/company/quantiki/
Quantimatter,https://www.linkedin.com/company/quantimatter
Quantino,https://www.linkedin.com/company/quantino
Quantinuum,https://www.linkedin.com/company/quantinuumqc/
Quantistry,https://www.linkedin.com/company/quantistry/
Quantized Technologies Inc.,https://www.linkedin.com/company/quantized-technologies/
Quantopticon,https://www.linkedin.com/company/quantopticon-ltd.
QuantPaths,https://www.linkedin.com/company/quantpaths
QuantrolOx,https://www.linkedin.com/company/quantrolox
Quantropi,https://www.linkedin.com/company/quantropi
QuantuLoop,https://www.linkedin.com/company/quantuloop
Quantum AI Global,https://www.linkedin.com/company/quantum-ai-global-company
Quantum Art,https://www.linkedin.com/company/quantum-art-tech
Quantum Base,https://www.linkedin.com/company/quantum-base
Quantum Battery Labs,https://www.linkedin.com/company/quantumbatterylabs/
Quantum Benchmark,https://www.linkedin.com/company/quantum-benchmark-inc
Quantum Biosciences,https://www.linkedin.com/company/quantumbiosciences
Quantum Blockchain Technologies,https://www.linkedin.com/company/quantum-blockchain-technologies-plc/
Quantum Blockchains,https://www.linkedin.com/company/quantum-blockchains
Quantum Blocks,https://www.linkedin.com/company/quantumblocksinc/
Quantum Bridge Technologies,https://www.linkedin.com/company/quantum-bridge-technologies/
Quantum Brilliance,https://www.linkedin.com/company/quantum-brilliance
Quantum Canary,https://www.linkedin.com/company/quantum-canary/
Quantum Catalyzer (Q-Cat),https://www.linkedin.com/company/q-cat/
Quantum Circuits,https://www.linkedin.com/company/quantum-circuits-inc
Quantum Coalition,https://www.linkedin.com/company/quantum-coalition/
Quantum Coax,https://www.linkedin.com/company/quantumcoax/
Quantum Composers,https://www.linkedin.com/company/quantum-composers
Quantum Computing Inc,https://www.linkedin.com/company/quantumcomputinginc/
Quantum Computing Report,https://www.linkedin.com/company/quantum-computing-report
Quantum Corporation,https://www.linkedin.com/company/quantum/
Quantum Corridor,https://www.linkedin.com/company/quantum-corridor
Quantum Data Center,https://www.linkedin.com/company/quantum-data-center/
Quantum Delta NL,https://www.linkedin.com/company/quantum-delta
Quantum Design,https://www.linkedin.com/company/quantum-design
Quantum Detectors,https://www.linkedin.com/company/quantum-detectors-ltd-/
Quantum Diamond Technologies Inc (QDTI),https://www.linkedin.com/company/quantum-diamond-technologies-inc/
Quantum Diamonds,https://www.linkedin.com/company/quantumdiamonds/
Quantum Dice,https://www.linkedin.com/company/quantum-dice
Quantum Elements,https://www.linkedin.com/company/quantum-elements-inc
Quantum eMotion,https://www.linkedin.com/company/quantum-emotion
Quantum Fabrix,https://www.linkedin.com/company/quantum-fabrix
Quantum Flytrap,https://www.linkedin.com/company/quantum-flytrap/
Quantum for Business,https://www.linkedin.com/company/quantum-for-business/
Quantum Foundry Inc,https://www.linkedin.com/company/quantum-foundry-ai/
Quantum Futures,https://www.linkedin.com/company/quantumfutures
Quantum FutureX,https://www.linkedin.com/company/quantum-futurex
Quantum Gateway Foundation,https://www.linkedin.com/company/quantum-gateway-foundation
Quantum Generative Materials,https://www.linkedin.com/company/quantum-generative-materials-genmat/?trk=ppro_cprof
Quantum Grad,https://www.linkedin.com/company/quantumgrad
Quantum Industries (will become zerothird),https://www.linkedin.com/company/zerothird/
Quantum Insights,https://www.linkedin.com/company/quantuminsight/
Quantum Inspire,https://www.linkedin.com/company/quantum-inspire/
Quantum Intelligence Corp (QIC),https://www.linkedin.com/company/quantum-intelligence-ai
Quantum Light,https://www.linkedin.com/company/quantum-light-inc
Quantum Machines,https://www.linkedin.com/company/quantumachines
Quantum Mads,https://www.linkedin.com/company/quantum-mads
Quantum Microwave,https://www.linkedin.com/company/quantum-microwave-components
Quantum Motion,https://www.linkedin.com/company/quantum-motion-tech
Quantum Optical Technologies,https://www.linkedin.com/company/qopttech/
Quantum Optics Jena,https://www.linkedin.com/company/quantum-optics-jena-gmbh/
Quantum Opus,https://www.linkedin.com/company/quantum-opus-llc
Quantum Photonics,https://www.linkedin.com/company/quantumphotonics
Quantum Pulse Ventures,https://www.linkedin.com/company/quantum-pulse-ventures-ltd/
Quantum Quants,https://www.linkedin.com/company/quantum-quants/
Quantum Research and Centre of Excellence (QRACE),https://www.linkedin.com/company/qrace-quantum-research-and-centre-of-excellence
Quantum Resistant Cryptography (QRC),https://www.linkedin.com/company/qrcryptography
Quantum Rings,https://www.linkedin.com/company/quantumrings
Quantum Science,https://www.linkedin.com/company/quantum-science-ltd/
Quantum Secure Solutions,https://www.linkedin.com/company/quantum-secure-solutions
Quantum Semiconductor LLC.,https://www.linkedin.com/company/quantum-semiconductor
Quantum Signals,https://www.linkedin.com/company/quantum-signals/
Quantum Silicon,https://www.linkedin.com/company/quantum-silicon-inc/
Quantum Software S.A.,https://www.linkedin.com/company/quantum-software-s-a-/
Quantum Solutions,https://www.linkedin.com/company/quantum-solutions-com
Quantum Source,https://www.linkedin.com/company/quantum-source-labs-ltd/
Quantum South,https://www.linkedin.com/company/quantum-south
Quantum Space Systems GmbH,https://www.linkedin.com/company/qssys
Quantum Strategy Institute,https://www.linkedin.com/company/quantum-strategy-institute/
Quantum Systems,https://www.linkedin.com/company/quantum-systems-gmbh/
Quantum Technologies UG,https://www.linkedin.com/company/quantumtechnologies-gmbh
Quantum Technology Foundation (Thailand),https://www.linkedin.com/company/quantum-technology-foundation-thailand/
Quantum Telecommunications Italy,https://www.linkedin.com/company/qtisrl
Quantum Thought,https://www.linkedin.com/company/quantum-thought
Quantum Transistors,https://www.linkedin.com/company/quantumtransistors/
Quantum Trilogy,https://www.linkedin.com/company/quantum-technologies-laboratories-inc
Quantum Valley Ideas Lab,https://www.linkedin.com/company/qvil/
Quantum Wargaming,https://www.linkedin.com/company/quantum-wargaming
Quantum Women,https://www.linkedin.com/company/quantumwomen/
Quantum Xchange,https://www.linkedin.com/company/quantum-xchange
Quantum-Si Incorporated,https://www.linkedin.com/company/quantum-si/
Quantum2Pi,https://www.linkedin.com/company/quantum2pi/
QuantumAstra,https://www.linkedin.com/company/quantumastra
QuantumCore,https://www.linkedin.com/company/quantum-core/
QuantumGate,https://www.linkedin.com/company/quantumgate-uae
QuantumLABS,https://www.linkedin.com/company/q-labs-ai/
QuantumNet,https://www.linkedin.com/company/quantum-net/
QuantumNova Cybersecurity,https://www.linkedin.com/company/quantumnova-cybersecurity
QuantumPrime,https://www.linkedin.com/company/quantum-prime/
quantumRatio,https://www.linkedin.com/company/quantumratio/
QuantumSense,https://www.linkedin.com/company/quantumsense/
QuantumShift,https://www.linkedin.com/company/quantumshift
QuantumToMarket,https://www.linkedin.com/company/quantumtomarket
Quantumz.io,https://www.linkedin.com/company/quantumz-io
Quantune Technologies,https://www.linkedin.com/company/quantune
Quantuum Logix,https://www.linkedin.com/company/quantuum-logix
QuantWare,https://www.linkedin.com/company/quantware/
QuantX,https://www.linkedin.com/company/quantxalumni/
QuantX Labs,https://www.linkedin.com/company/quantxlabs/
QuantX2 Technologies,https://www.linkedin.com/company/quantx2-technologies/
QuantyCat,https://www.linkedin.com/company/quantycat
QuantyMize,https://www.linkedin.com/company/quantymize-quantum-advance
Quanvia,https://www.linkedin.com/company/quanvia/
Quarks Interactive,https://www.linkedin.com/company/quarks-interactive/
Quaxys,https://www.linkedin.com/company/quaxys-llc
QuBeats,https://www.linkedin.com/company/qubeats/
Qubic Technologies,https://www.linkedin.com/company/qubic-technologies/
Qubig,https://www.linkedin.com/company/qubig
Qubit Engineering,https://www.linkedin.com/company/qubit-engineering-inc
Qubit Pharmaceuticals,https://www.linkedin.com/company/qubit-pharmaceuticals
Qubit Value,https://www.linkedin.com/company/qubit-value
Qubitcore,https://www.linkedin.com/company/qubitcore
Qubitech,https://www.linkedin.com/company/q-ubitech/
Qubitekk [Acquired by IonQ],https://www.linkedin.com/company/qubitekk-inc
Qubitera,https://www.linkedin.com/company/qubitera-llc
Qubitl,https://www.linkedin.com/company/qubitl/
Qubitor Labs,https://www.linkedin.com/company/qubitor-pte-ltd
Qubitoss,https://www.linkedin.com/company/qubitoss
Qubitrium,https://www.linkedin.com/company/qubitrium/
QubitSolve,https://www.linkedin.com/company/qubitsolve
Qubo Consulting Corp.,https://www.linkedin.com/company/qubo-quantum/
Qubrid,https://www.linkedin.com/company/qubrid
QUDORA Technologies,https://www.linkedin.com/company/qudora/
QuDyCo,https://www.linkedin.com/company/qudyco/
QuEL,https://www.linkedin.com/company/quel-inc/
Quemix,https://www.linkedin.com/company/quemix
Quentangle,https://www.linkedin.com/company/quentangle
QuEra Computing,https://www.linkedin.com/company/quera-computing-inc/
quGeeks,https://www.linkedin.com/company/qugeeks/
Quinas Technology,https://www.linkedin.com/company/quinas/
QuinStar Technology,https://www.linkedin.com/company/quinstar-technology-inc.
Quintessence Labs,https://www.linkedin.com/company/quintessencelabs/
QuiX Quantum,https://www.linkedin.com/company/quix-quantum/
QuJiT,https://www.linkedin.com/company/qujit-ltd
Qulabs,https://www.linkedin.com/company/qulabs-software-india/
Quminex,https://www.linkedin.com/company/quminex/
QunaSys,https://www.linkedin.com/company/qunasys
Qunett,https://www.linkedin.com/company/quantum-network-technologies/
Qunnect,https://www.linkedin.com/company/qunnectinc/
QuNorth,https://www.linkedin.com/company/qunorth/
Qunova Computing,https://www.linkedin.com/company/qunova-computing/
Quobly,https://www.linkedin.com/company/quobly
Quoherent,https://www.linkedin.com/company/quoherent
QuPrayog,https://www.linkedin.com/company/quprayog-pvt-ltd
Quranium,https://www.linkedin.com/company/quranium/
Qureca,https://www.linkedin.com/company/qureca
QuRisk,https://www.linkedin.com/company/qurisk/
Qurv,https://www.linkedin.com/company/qurv/
QuSecure,https://www.linkedin.com/company/qusecure
Quside,https://www.linkedin.com/company/quside
QuSmart.AI,https://www.linkedin.com/company/qusmartai
QuSpin,https://www.linkedin.com/company/quspin-inc.
QuSTEAM,https://www.linkedin.com/company/qusteam
QustomDot,https://www.linkedin.com/company/qustomdot
Qutech,https://www.linkedin.com/company/qutech/
Qutools,https://www.linkedin.com/company/qutools-gmbh
QWERX,https://www.linkedin.com/company/qwerx/
QYResearch,https://www.linkedin.com/company/qyresearch/
QZabre,https://www.linkedin.com/company/qzabre-llc
Racyics,https://www.linkedin.com/company/racyics/
Radiall,https://www.linkedin.com/company/radiallgroup/
Radical Semiconductors [acquired by BTQ],https://www.linkedin.com/company/radical-semiconductor
Raditek,https://www.linkedin.com/company/raditek/
RAFAEL Advanced Defense Systems,https://www.linkedin.com/company/rafael-advanced-defense-systems-official/
Rahko [Acquired by Odyssey Therapeutics],https://www.linkedin.com/company/rahko
Raicol Crystals,https://www.linkedin.com/company/raicol-crystals
Raicol Quantum Crystals,https://www.linkedin.com/company/raicol-crystals/
Raith,https://www.linkedin.com/company/raith-gmbh
Rambus,https://www.linkedin.com/company/rambus
Randaemon,https://www.linkedin.com/company/randaemon/
Random Power,https://www.linkedin.com/company/randompower
Random Quantum,https://www.linkedin.com/company/random-quantum
RANOVUS Inc.,https://www.linkedin.com/company/ranovus/
Rapid Photonics,https://www.linkedin.com/company/rapid-photonics
Rapidus,https://www.linkedin.com/company/rapidus-corporation
Ravel Technologies,https://www.linkedin.com/company/ravel-technologies/
Raymax Applications,https://www.linkedin.com/company/raymax-applications-pty-limited
"Raysolve Optoelectronics (Suzhou) Co., Ltd.",https://www.linkedin.com/company/raysolve/
RECIF Technologies,https://www.linkedin.com/company/recif-technologies
Red Blue Quantum,https://www.linkedin.com/company/red-blue-quantum
RedWave Labs,https://www.linkedin.com/company/redwave-labs-ltd
reOrbital,https://www.linkedin.com/company/reorbital/
Reply,https://www.linkedin.com/company/reply
Resilient Entanglement,https://www.linkedin.com/company/resiliententanglement
Resolute Photonics,https://www.linkedin.com/company/resolute-photonics
Resolve Stroke,https://www.linkedin.com/company/resolvestroke/
Resonance Holdings,https://www.linkedin.com/company/resonance-holdings
ResQuant,https://www.linkedin.com/company/resquant/
RHEA Group,https://www.linkedin.com/company/rheagroup
Rhea Space Activity (RSA),https://www.linkedin.com/company/rhea-space-activity/
Rhonexum,https://www.linkedin.com/company/rhonexum/
Riber,https://www.linkedin.com/company/riber-sa
Rigetti Computing,https://www.linkedin.com/company/rigetti-computing
RIGOL TECHNOLOGIES,https://www.linkedin.com/company/rigoltechnologies
RIKEN,https://www.linkedin.com/company/riken/
Riscure,https://www.linkedin.com/company/keysight-device-security-testing/
Rivada Space Networks,https://www.linkedin.com/company/rivada-space/
Riverlane,https://www.linkedin.com/company/river-lane-research-ltd
RobQuant,https://www.linkedin.com/company/robquant
ROBUST AO GmbH,https://www.linkedin.com/company/robust-ao-gmbh/
Rosatom,https://www.linkedin.com/company/rosatom
Rosenberger Group,https://www.linkedin.com/company/rosenberger-group
Rotonium,https://www.linkedin.com/company/rotonium
RTI International,https://www.linkedin.com/company/rti-international/
RTX [AKA Raytheon],https://www.linkedin.com/company/rtx/
Rydberg Technologies,https://www.linkedin.com/company/rydberg-technologies
S-Fifteen Instruments,https://www.linkedin.com/company/s-fifteen-instruments-pte-ltd
Saab,https://www.linkedin.com/company/saab/
Sacher Lasertechnik,https://www.linkedin.com/company/sacher-lasertechnik-gmbh
SafeLogic,https://www.linkedin.com/company/safelogic
Saftra Photonics,https://www.linkedin.com/company/saftra-photonics
Salience Labs,https://www.linkedin.com/company/salience-labs
Samco Inc,https://www.linkedin.com/company/samco-inc./
Sanctuary AI,https://www.linkedin.com/company/sanctuaryai
SandboxAQ,https://www.linkedin.com/company/sandboxaq
Santec,https://www.linkedin.com/company/santec-corporation
SAS,https://www.linkedin.com/company/sas
Sateliot,https://www.linkedin.com/company/sateliot
Saudi Quantum Computing Association,https://www.linkedin.com/company/saudi-quantum-computing-association/
SavantX,https://www.linkedin.com/company/savantx/
SaxonQ,https://www.linkedin.com/company/saxonq
SBQuantum,https://www.linkedin.com/company/sbquantum
Scaleway,https://www.linkedin.com/company/scaleway
SCALINQ,https://www.linkedin.com/company/scalinq/
Scantinel Photonics,https://www.linkedin.com/company/scantinel
Scenario X,https://www.linkedin.com/company/scenario-x
Schneider Electric,https://www.linkedin.com/company/schneider-electric/
SCHOTT,https://www.linkedin.com/company/schott/
SCI Semiconductor,https://www.linkedin.com/company/scisemi/
ScientaOmicron,https://www.linkedin.com/company/scientaomicron
Scientific Materials Corporation,https://www.linkedin.com/company/scientific-materials-corp
SCINTIL Photonics,https://www.linkedin.com/company/scintil-photonics
Scontel,https://www.linkedin.com/company/cjsc-scontel/?originalSubdomain=de
Scott Cables,https://www.linkedin.com/company/scott-cables-ltd
Scytale Alpha,https://www.linkedin.com/company/scytalealpha
SDT,https://www.linkedin.com/company/sdtinc
SEALSQ,https://www.linkedin.com/company/sealsq/
SECQAI,https://www.linkedin.com/company/secqai/
Sectigo PQC Labs,https://www.linkedin.com/company/sectigo
Secure Machines,https://www.linkedin.com/company/secure-machines/
Secure-IC,https://www.linkedin.com/company/secure-ic/
Secured Communications,https://www.linkedin.com/company/secured-communications
Secured Quantum Services,https://www.linkedin.com/company/secured-quantum-services
SeeDevice,https://www.linkedin.com/company/seedevice-inc/
SeeQC,https://www.linkedin.com/company/seeqc-us
Seki Diamond Systems,https://www.linkedin.com/company/seki-diamond/
SemiQon,https://www.linkedin.com/company/semiqon
Semiwise (Semiconductor Technology),https://www.linkedin.com/company/semiwise-limited/
Senetas Corporation,https://www.linkedin.com/company/senetas/
Senko Advanced Components,https://www.linkedin.com/company/senko-advanced-components
Sense Photonics,https://www.linkedin.com/company/sensephotonics
Sensirion,https://www.linkedin.com/company/sensirion/
Sensorium Technological Laboratories,https://www.linkedin.com/company/sensoriumtl
SeQure,https://www.linkedin.com/company/sequreai/
Sequre Quantum,https://www.linkedin.com/company/sequre-quantum
Serikat,https://www.linkedin.com/company/serikat
SheQuantum,https://www.linkedin.com/company/shequanum/
SHI Cryogenics,https://www.linkedin.com/company/shicryogenicsgroup
Shinkong Synthetic Fibers Corporation,https://www.linkedin.com/company/shinkong-synthetic-fibers-corporation/
Shoptaki,https://www.linkedin.com/company/shoptaki/
SiC Systems,https://www.linkedin.com/company/sic-systems-inc-a-sensor-intelligence-company
Sicoya,https://www.linkedin.com/company/sicoya-gmbh/
Siglent Technologies,https://www.linkedin.com/company/siglent
Sigma-i,https://www.linkedin.com/company/sigmailab/?originalSubdomain=jp
Signaloid,https://www.linkedin.com/company/signaloid/
Signify N.V.,https://www.linkedin.com/company/signifycompany/
Silent Waves,https://www.linkedin.com/company/silentwaves
Silentsys,https://www.linkedin.com/company/silentsys/
Silex Systems,https://www.linkedin.com/company/silex-systems
Silicofeller Quantum,https://www.linkedin.com/company/silicofeller/
Silicom Ltd.,https://www.linkedin.com/company/silicom/
Silicon Microgravity,https://www.linkedin.com/company/silicon-microgravity/
Silicon Quantum Computing,https://www.linkedin.com/company/silicon-quantum-computing-pty-ltd
Siloton,https://www.linkedin.com/company/siloton
SilQ Connect,https://www.linkedin.com/company/silq-connect/
Siminics,https://www.linkedin.com/company/siminics/
Simpetus,https://www.linkedin.com/company/simpetus
Single Quantum,https://www.linkedin.com/company/single-quantum
Singtel,https://www.linkedin.com/company/singtel/
Singular Photonics,https://www.linkedin.com/company/singular-photonics/Singular Photonics
SIOS Messtechnik,https://www.linkedin.com/company/sios-messtechnik-gmbh
SiPearl,https://www.linkedin.com/company/sipearl/
SiPhotonIC Technologies,https://www.linkedin.com/company/siphotonic-technologies/
Sitehop,https://www.linkedin.com/company/sitehop/?originalSubdomain=uk
Sivananthan Laboratories,https://www.linkedin.com/company/sivananthan-laboratories-inc-
Sivers Photonics,https://www.linkedin.com/company/sivers-semiconductors-ab/
Sivers Semiconductors,https://www.linkedin.com/company/sivers-semiconductors-ab
Skillup AI,https://www.linkedin.com/company/skillup-next/
Skylark Lasers,https://www.linkedin.com/company/skylarklasers/
Skyloom Global Corp.,https://www.linkedin.com/company/skyloom-global/
SkyWater Technology Foundry,https://www.linkedin.com/company/skywater-technology-foundry/
Slipstream Engineering Design Limited,https://www.linkedin.com/company/slipstream-design-uk/
Smals,https://www.linkedin.com/company/smals
SmarAct,https://www.linkedin.com/company/smaract-inc/
SMART Photonics,https://www.linkedin.com/company/smartphotonics/
Smart Reporting GmbH,https://www.linkedin.com/company/jacobian-health/
Socionext,https://www.linkedin.com/company/socionext-us
SoftServe,https://www.linkedin.com/company/softserve
softwareQ,https://www.linkedin.com/company/softwareqinc
Solid State AI,https://www.linkedin.com/company/solid-state-ai
Sonardyne International,https://www.linkedin.com/company/sonardyne-international-ltd/
Sonnenberg Harrison Partners,https://www.linkedin.com/company/sonnenbergharrison
Spark Lasers,https://www.linkedin.com/company/sparklasers
Spark Photonics,https://www.linkedin.com/company/spark-photonics/
Sparksense,https://www.linkedin.com/company/sparksense
Sparrow Quantum,https://www.linkedin.com/company/sparrow-quantum
Spectra Physics,https://www.linkedin.com/company/spectra-physics/
Spectrum Control (formerly APITech),https://www.linkedin.com/company/spectrumcontrol/
SpeQtral,https://www.linkedin.com/company/speqtral
Spin Quantum Tech - SQT,https://www.linkedin.com/company/spin-quantun-tech
SpinMagIC,https://www.linkedin.com/company/spinmagic
SpinQ,https://www.linkedin.com/company/spinq-inc/
SQE.io,https://www.linkedin.com/company/sqe-io
SQK,https://www.linkedin.com/company/sqkcloud
Squareroot8 Technologies,https://www.linkedin.com/company/squareroot8-technologies
Squid: Schools for Quantum Information Development,https://www.linkedin.com/company/squids-schools
SRI International,https://www.linkedin.com/company/sri-international
SSH Communications Security,https://www.linkedin.com/company/ssh-communications-security/
Stable Laser Systems,https://www.linkedin.com/company/stable-laser-systems
Stahl Electronics,https://www.linkedin.com/company/stahl-electronics
Staque,https://www.linkedin.com/company/staque/
STAR Cryoelectronics,https://www.linkedin.com/company/star-cryoelectronics-llc
StarkWare,https://www.linkedin.com/company/starkware
SteerLight,https://www.linkedin.com/company/steerlight
STMicroelectronics,https://www.linkedin.com/company/stmicroelectronics
Strangeworks,https://www.linkedin.com/company/strangeworks
StrategicQC,https://www.linkedin.com/company/quantumrecruiting
Streetwise Consulting,https://www.linkedin.com/company/streetwise-consulting
STS Elionix,https://www.linkedin.com/company/sts-elionix
SUBRA A/S,https://www.linkedin.com/company/subra-a-s/
Sumitomo Electric,https://www.linkedin.com/company/sumitomo-electric
Super.Tech [Acquired by Infleqtion],https://www.linkedin.com/company/super-tech-labs
SuperLight Photonics,https://www.linkedin.com/company/superlightphotonics
SuperQ Quantum Computing Inc.,https://www.linkedin.com/company/superq-quantum
Supracon,https://www.linkedin.com/company/supracon-ag
sureCore,https://www.linkedin.com/company/surecore-ltd/
Swabian Instruments,https://www.linkedin.com/company/swabian-instruments
Swain Techs,https://www.linkedin.com/company/swain-techs
Sweden Quantum,https://www.linkedin.com/company/sweden-quantum
SWIR Vision Systems,https://www.linkedin.com/company/swir-vision-systems/
Swissphotonics,https://www.linkedin.com/company/swissphotonics
Sydor Optics,https://www.linkedin.com/company/sydor-optics
Sygaldry Technologies,https://www.linkedin.com/company/sygaldry-technologies
Syndesis,https://www.linkedin.com/company/syndesis/
Synergy Quantum,https://www.linkedin.com/company/synergyquantum/
Synopsys,https://www.linkedin.com/company/synopsys/
Synopsys QuantumATK,https://www.linkedin.com/company/quantumatk/
SynthBits,https://www.linkedin.com/company/synthbits/posts/?feedView=all
SYRLINKS,https://www.linkedin.com/company/syrlinks/
Süss MicroTec,https://www.linkedin.com/company/suss-microtec/
T-Systems International,https://www.linkedin.com/company/t-systems
t0.technology,https://www.linkedin.com/company/t0-technology/
Tabor Electronics,https://www.linkedin.com/company/tabor-electronics
TACEO,https://www.linkedin.com/company/taceo/
Taiwan Semiconductor Manufacturing Company,https://www.linkedin.com/company/tsmc/
Taj Quantum,https://www.linkedin.com/company/tajquantum/
TAQBIT LABS,https://www.linkedin.com/company/taqbit-labs/
TAU Sytems,https://www.linkedin.com/company/tausystems
TDK,https://www.linkedin.com/company/tdk
Tech Mahindra,https://www.linkedin.com/company/tech-mahindra/
Teem Photonics,https://www.linkedin.com/company/teem-photonics/
Tektronix,https://www.linkedin.com/company/tektronix/
TelAztec LLC,https://www.linkedin.com/company/telaztec-llc/
Teledyne e2v,https://www.linkedin.com/company/e2vteledyne
Tematys,https://www.linkedin.com/company/tematys
TensorFlow,https://www.linkedin.com/showcase/tensorflowdev/
Terma,https://www.linkedin.com/company/terma-a-s/
Terra Quantum,https://www.linkedin.com/company/terra-quantum-ag/
Terranova Defense Solutions,https://www.linkedin.com/company/terranova-defense/
TESAT,https://www.linkedin.com/company/tesat/
Tescan,https://www.linkedin.com/company/tescan-group/
Thales Alenia Space,https://www.linkedin.com/company/thales-alenia-space/
The Aerospace Corporation,https://www.linkedin.com/company/the-aerospace-corporation
The Futurum Group,https://www.linkedin.com/company/futurum-group-hq
The Hertz Foundation,https://www.linkedin.com/company/the-fannie-&-john-hertz-foundation
The Interpublic Group of Companies (IPG),https://www.linkedin.com/company/ipg/
The LightBridge Group,https://www.linkedin.com/company/lightbridgegroup/
The Metaverse Institute,https://www.linkedin.com/company/metaverse-institute
The Phoenix Company of Chicago,https://www.linkedin.com/company/phoenix-company-of-chicago/
The Quantum Insider,https://www.linkedin.com/company/the-quantum-insider/
Thermo Fisher Scientific,https://www.linkedin.com/company/thermo-fisher-scientific/
ThinkMade Engineering & Consulting,https://www.linkedin.com/company/ivam-microtechnology-network/
ThinkQuantum,https://www.linkedin.com/company/thinkquantum
Thor Labs,https://www.linkedin.com/company/thorlabs
Times Microwave Systems,https://www.linkedin.com/company/times-microwave-systems
Tinubu,https://www.linkedin.com/company/tinubu
Tiny Telescope,https://www.linkedin.com/company/tiny-telescope/
TMD Technologies Ltd (part of CPI Electron Device Business)?,https://www.linkedin.com/company/cpi-edb/
TNO,https://www.linkedin.com/company/tno/
Tokyo Electron,https://www.linkedin.com/company/tokyo-electron
Tokyo Ohka Kogyo,https://www.linkedin.com/company/tok-america/
Tongyu Heavy Industry Co. Ltd.,https://www.linkedin.com/company/tongyu/
TopGaN,https://www.linkedin.com/company/topgan/
Topsil,https://www.linkedin.com/company/topsil
Toptica Photonics,https://www.linkedin.com/company/toptica-photonics
Toridion,https://www.linkedin.com/company/toridion/
Toshiba,https://www.linkedin.com/company/toshiba-corporation
TotalEnergies,https://www.linkedin.com/company/totalenergies/
Tradeteq,https://www.linkedin.com/company/tradeteq
"Transene Company, Inc.",https://www.linkedin.com/company/transenecompanyinc/
Transilvania Quantum,https://www.linkedin.com/company/transilvania-quantum/
TreQ,https://www.linkedin.com/company/treq-tech
Trezor,https://www.linkedin.com/company/trezor/
Triad National Security,https://www.linkedin.com/company/triad-national-security-llc
Trifork,https://www.linkedin.com/company/trifork/
TrueNorth Quantum,https://www.linkedin.com/company/truenorth-quantum-inc
TRUMPF,https://www.linkedin.com/company/trumpf-se-co-kg/
TTI,https://www.linkedin.com/company/celestia-tti/
Tundra Systems,https://www.linkedin.com/company/tundrasystems-global/
TuringQ,https://www.linkedin.com/company/turingq/
Tuta,https://www.linkedin.com/company/tutanota
Twin Photonics,https://www.linkedin.com/company/twin-photonics/
Type One Systems,https://www.linkedin.com/company/type-one-systems
Typeone Quantum,https://www.linkedin.com/company/typeone-quantum
Tyto PR,https://www.linkedin.com/company/tytopublicrelations
UbiQD,https://www.linkedin.com/company/ubiqd
ULVAC Technologies,https://www.linkedin.com/company/ulvac-technologies
UniQuest,https://www.linkedin.com/company/uniquest
Unitary Zero Space,https://www.linkedin.com/company/uzs
United Semiconductors,https://www.linkedin.com/company/united-semiconductors/
Universal Quantum,https://www.linkedin.com/company/universal-quantum
Universal Quantum Devices,https://www.linkedin.com/company/universal-quantum-devices-inc-
Universities Space Research Association,https://www.linkedin.com/company/usra/
Unseenlabs,https://www.linkedin.com/company/unseenlabs
US Conec,https://www.linkedin.com/company/us-conec-ltd./
Utimaco,https://www.linkedin.com/company/utimaco/
Vacua,https://www.linkedin.com/company/vacua
"VALUENEX, Inc.",https://www.linkedin.com/company/valuenex-inc.
Vanguard Automation,https://www.linkedin.com/company/vanguard-automation/
Vapor Cell Technologies,https://www.linkedin.com/company/vapor-cell-technologies
Vector Atomic [acquired by IonQ],https://www.linkedin.com/company/vectoratomic
Vector Photonics,https://www.linkedin.com/company/vector-photonics/
Veeco,https://www.linkedin.com/company/veeco-instruments/
Venari Security,https://www.linkedin.com/company/venari-security
Venture One,https://www.linkedin.com/company/ventureoneuae/
Veridify Security,https://www.linkedin.com/company/veridify/
VeriQloud,https://www.linkedin.com/company/veriqloud
Vernewell Group,https://www.linkedin.com/company/vernewell
Vescent,https://www.linkedin.com/company/vescent-technologies-inc/
Vestel,https://www.linkedin.com/company/vestelinternational/
Vexlum,https://www.linkedin.com/company/vexlum
VIAVI Solutions,https://www.linkedin.com/company/viavi-solutions/
Vibrint,https://www.linkedin.com/company/vibrint
VIGO Photonics,https://www.linkedin.com/company/vigo-photonics
VIQTHOR,https://www.linkedin.com/company/viqthor
Virality GmbH,https://www.linkedin.com/company/virality-gmbh
Virgin Orbit,https://www.linkedin.com/company/virgin-orbit/
Vistec,https://www.linkedin.com/company/vistec-electron-beam-gmbh
VitreaLab,https://www.linkedin.com/company/vitrealab-gmbh/
Vitritech,https://www.linkedin.com/company/vitritech/
VLC Photonics,https://www.linkedin.com/company/vlcphotonics/
VPIphotonics,https://www.linkedin.com/company/vpiphotonics
VTT Technical Research Centre Of Finland,https://www.linkedin.com/company/vtt
Wainvam-E (now Kwan-Tek),https://www.linkedin.com/company/kwan-tek/
Wasatch Photonics,https://www.linkedin.com/company/wasatch-photonics/
Wave Photonics,https://www.linkedin.com/company/wave-photonics/
Wavelength Electronics,https://www.linkedin.com/company/wavelength-electronics-inc-/
Wedge Networks Inc.,https://www.linkedin.com/company/wedge-networks-inc-/
Welinq,https://www.linkedin.com/company/welinqquantum
Wipro,https://www.linkedin.com/company/wipro/
"Wireless Telecom Group (Boonton, Holzworth, Noisecom)",https://www.linkedin.com/company/wireless-telecom-group/
WISeKey,https://www.linkedin.com/company/wisekey-sa
Womanium,https://www.linkedin.com/company/womanium/
World View,https://www.linkedin.com/company/world-view-enterprises/
Wultra,https://www.linkedin.com/company/wultra/
X-Celeprint,https://www.linkedin.com/company/x-celeprint
Xairos,https://www.linkedin.com/company/xairos
Xanadu,https://www.linkedin.com/company/xanaduai
Xatoms,https://www.linkedin.com/company/xatoms
XeedQ,https://www.linkedin.com/company/xeedq
Xiamen Hithium Energy Storage Technology Co Ltd,https://www.linkedin.com/company/hithium/
Xiphera,https://www.linkedin.com/company/xiphera
XMA Corporation,https://www.linkedin.com/company/xma-corporation-amphenol/
XPRIZE Foundation,https://www.linkedin.com/company/x-prize-foundation/
XSOC CORP,https://www.linkedin.com/company/xsoc-corp
Xtalpi,https://www.linkedin.com/company/xtalpi
yiyaniQ,https://www.linkedin.com/company/yiyaniq/
"Young Basile Hanlon & MacFarlane, P.C.",https://www.linkedin.com/company/young-basile
YQuantum,https://www.linkedin.com/company/yquantum-llc
Zaiku Group,https://www.linkedin.com/company/zaikugroup/
Zapata Quantum,https://www.linkedin.com/company/zapata-quantum/
ZARM,https://www.linkedin.com/company/zarm1/
ZebraKet,https://www.linkedin.com/company/zebraket/
Zero Point Cryogenics,https://www.linkedin.com/company/zero-point-cryogenics/
Zero Point Motion,https://www.linkedin.com/company/zero-point-motion/
Zolo Technologies,https://www.linkedin.com/company/zolo-technologies/
ZTE,https://www.linkedin.com/company/zte
Zurich Instruments,https://www.linkedin.com/company/zurich-instruments-ag
ZuriQ,https://www.linkedin.com/company/zuriq/
Zyvex Labs,https://www.linkedin.com/company/zyvex-labs
Scope Technologies Corp,https://www.linkedin.com/company/scope-technologies-corp/
Raydian,https://www.linkedin.com/company/raydiancloud/
FirstQFM,https://www.linkedin.com/company/firstqfm-ab
NeverLocal,https://www.linkedin.com/company/neverlocal/
ICTK,https://www.linkedin.com/company/ictk-puf/
POET Technologies,https://www.linkedin.com/company/poet-technologies/
Amber Enterprises,https://www.linkedin.com/company/ambergroupindia/
