id,Name,Founded,Business Type,HQ Location,Country,Website,LinkedIn,,
308fbf8e-980e-4a56-ad4d-23e9af5cdb40,CJW Quantum Consulting LLC,2021,Private Company,Potomac,United States,https://cjwquantum.com/,https://www.linkedin.com/in/carlwilliams7,,
0ae3a6b2-fc91-4358-830d-8b3bbdc5a999,Classiq,2018,Private Company,Tel Aviv,Israel,https://www.classiq.io/,https://www.linkedin.com/company/classiq-technologies,,
4c334634-74aa-4f8b-9144-610ec39df56e,Cloud Pharmaceuticals,2009,Private Company,Durham,United States,http://www.cloudpharmaceuticals.com/,https://www.linkedin.com/company/cloud-pharmaceuticals,,
0a82d70a-85e2-437f-baa9-154a00fa2ece,CMC Microsystems,1984,Non-Profit,Montreal,Canada,http://www.cmc.ca/,https://www.linkedin.com/company/cmc-microsystems,,
ae12fbef-31a4-4f5d-9367-06e9106dbced,Coax Co,2016,Private Company,Yokohama,Japan,http://coax-japan.co.jp/,https://www.linkedin.com/company/coaxdigital,,
dbd3be3e-9c81-4bf9-a509-88cc0fc36e1b,Code-X,2018,Private Company,Tampa,United States,http://www.teamcode-x.com/,https://www.linkedin.com/company/team-code-x/,,
772cc2c9-0ace-4323-bb35-f2c91f6d5313,Coforge,2004,Private Company,Noida,India,https://www.coforge.com/,https://www.linkedin.com/company/coforge-tech/,,
b0cdcf33-6792-4c8d-b6a9-9d0113836e8d,CogniFiber,2018,Private Company,Rosh Haayin,Israel,http://www.cognifiber.com/,https://www.linkedin.com/company/cognifiber-ltd/,,
ea11d563-c70a-4c49-ad4e-ea63f5083421,Cogniframe,2016,Private Company,Toronto,Canada,https://www.cogniframe.com/,https://www.linkedin.com/company/cogniframe,,
82ec1a7c-5aba-44db-b0b8-26ddde509983,Cognizant,1994,Public Company,Teaneck,United States,https://www.cognizant.com/,https://www.linkedin.com/company/cognizant/,,
8f7eb8b0-7c03-4eb5-99c9-5c31ac5f1496,Coherent,1971,Public Company,Saxonburg,United States,https://www.coherent.com,https://www.linkedin.com/company/coherent-corp/,,
fd84274c-84d7-4e5c-ab3f-20170ee1feeb,Coherent Computing Inc.,2023,Private Company,Fremont,United States,https://www.coherent.com/,https://www.linkedin.com/company/coherent-corp/,,
26fb7757-ae45-40e7-bdad-481764086efa,ColibriTD,2019,Private Company,Paris,France,https://colibritd.com,https://www.linkedin.com/company/colibritd/,,
adfae4ea-1963-405b-842f-f3cc7ab6051e,Collins Aerospace,2018,Private Company,Charlotte,United States,https://www.collinsaerospace.com/,https://www.linkedin.com/company/collins-aerospace/,,
e9ceeeae-ac3f-4724-8558-c8cc1bae8bbe,Commutator Studios,2022,Private Company,Duesseldorf,Germany,https://www.commutatorstudios.com/,https://www.linkedin.com/company/commutatorstudios/,,
b281bb6c-4818-43cf-996a-8e602e97381b,Compound Semiconductor Applications (CSA) Catapult,2017,Private Company,Newport,United Kingdom,https://csa.catapult.org.uk/,https://www.linkedin.com/company/csacatapult,,
4604aa0b-1d2d-45f8-8884-c2a14954ad2f,Compound Semiconductor Centre,2015,Private Company,Saint Mellons,United Kingdom,http://www.compoundsemiconductorcentre.com/,https://www.linkedin.com/company/compound-semiconductor-centre/,,
92948e67-eb65-4477-8589-5aa529f3a79e,ComPro,1998,Private Company,Istanbul,Turkey,http://www.compro.com.tr/,https://www.linkedin.com/company/compro-bilisim-teknolojileri/,,
b0be4b28-c959-4b3c-8efe-97acc47c070a,Compumedics,1985,Private Company,Abbotsford,Australia,http://www.compumedics.com/,https://www.linkedin.com/company/compumedics/,,
c7078193-c1ce-4e74-9589-6301626f54db,ComScire,1994,Private Company,Albuquerque,United States,https://comscire.com/,-,,
9ae9bce6-9488-413e-aecf-a41f53753ca4,Con-Science AB,2015,Private Company,Mölndal,Sweden,http://www.con-science.se/,https://www.linkedin.com/company/con-science/,,
bcb80d61-b4cd-48af-bc52-04ea2573d19a,Conductor Quantum,2024,Private Company,San Francisco,United States,https://www.conductorquantum.com/,https://www.linkedin.com/company/conductorquantum/,,
6bf26ac6-6d86-4d0b-b691-5750c6f379f4,Confocal.nl,2016,Private Company,Amsterdam,The Netherlands,https://www.confocal.nl/,https://www.linkedin.com/company/confocal-nl/,,
75f935f4-ff78-4b86-b0b9-d9b070da500b,Coolyuan,2020,Private Company,Wuhan,China,http://www.cascoldatom.com/index.php,-,,
5c218e5b-8439-43bc-8a43-b89b326b3cc1,Cornami,2012,Private Company,Sacramento,United States,http://www.cornami.com/,https://www.linkedin.com/company/cornami-inc.,,
fa6ef63e-9940-4c88-8814-c98c6ca16bf2,Cornes Technologies,1861,Private Company,Tokyo,Japan,http://cornestech.co.jp/en,https://www.linkedin.com/company/cornes-technologies-limited/,,
daf84687-76dd-4951-a16e-200256d41f97,"Cosmic Microwave Technology, Inc.",2019,Private Company,Lawndale,United States,https://www.cosmicmicrowavetechnology.com/,https://www.linkedin.com/company/cosmicmicrowavetechnology,,
1b1fc30a-90bc-4dbc-b46a-39bfecf7315b,Cosylab,2001,Private Company,Ljubljana,Slovenia,http://www.cosylab.com/,https://www.linkedin.com/company/cosylab/,,
7e51ff51-ba97-496e-8b0c-9a6642f163b6,Coto Technology,1917,Private Company,North Kingstown,United States,http://www.cotorelay.com/,https://www.linkedin.com/company/cototechnology/,,
4afe91b6-b6af-43c5-895d-8f6cc31d40f0,Covesion,2009,Private Company,Romsey,United Kingdom,http://www.covesion.com/,https://www.linkedin.com/company/covesion/,,
92a0c24c-6f3c-442d-bb0f-a366ee91050b,Coweaver,2000,Public Company,Seoul,South Korea,http://www.coweaver.co.kr/ko/,https://www.linkedin.com/in/kyung-woo-lee-37369498/,,
3e5caa40-a6b3-4788-a418-b08ae05a42d1,CR8DL,2021,-,Scottsdale,United States,http://www.cr8dl.ai,https://www.linkedin.com/company/cr8dlcloud/,,
a11e3da0-8d91-4a0c-954d-2a45b646be07,Craft Prospect,2017,Private Company,Glasgow,United Kingdom,http://www.craftprospect.com/,https://www.linkedin.com/company/craft-prospect/,,
db7c5ead-48c2-40f4-bdaf-7202745c59c1,CreativeQuantum,2010,Private Company,Berlin,Germany,http://www.creative-quantum.eu/en/home,https://www.linkedin.com/company/creativequantum-gmbh,,
6573bfe5-c9f9-47bd-bb93-275f50d9a4c6,Creotech,2012,Private Company,Piaseczno,Poland,https://creotech.pl/,https://www.linkedin.com/company/creotech/,,
20f7c1bd-cb36-4760-9e65-0c2196a65930,Crocus Technology,2004,Private Company,Santa Clara,United States,http://www.crocus-technology.com/,https://www.linkedin.com/company/crocus-technology/,,
cd5d76f1-792d-48a8-9897-e32c2fffdb20,Crosslight Software,1995,Private Company,Vancouver,Canada,https://crosslight.com/,https://www.linkedin.com/company/crosslight-software-inc/,,
6d508eaa-c6e1-4689-b1c7-1b3c895aad3a,Crown Sterling,2018,Private Company,Newport Beach,United States,http://www.crownsterling.io/,https://www.linkedin.com/company/crown-sterling,,
d484c477-7d41-4b53-92e5-e3e0c1a53efd,CryoConcept,2000,Private Company,Courtaboeuf,France,http://cryoconcept.com/,https://www.linkedin.com/company/cryoconcept-france,,
8859ca47-2d46-4c10-ba3a-e8ba12998e7c,Cryofab,1971,Private Company,Kenilworth,United States,https://www.cryofab.com/,https://www.linkedin.com/company/cryofab-inc.,,
c85d7c8c-1532-47fd-8425-aea127b33d2c,Cryogenic,1991,Private Company,London,United Kingdom,http://www.cryogenic.co.uk/,https://www.linkedin.com/company/cryogenic-ltd,,
f63fbce3-4206-41e7-878f-c0f37f1383e0,CryoHEMT,2019,Private Company,Orsay,France,http://cryohemt.com/,-,,
17ff2d9a-bbe6-4422-a67b-d1ab54fd940f,CryoMagnetics,1983,Private Company,Oak Ridge,United States,https://www.cryomagnetics.com/,https://www.linkedin.com/company/cryomagnetics-inc-,,
7fb66874-dbe9-463c-bed5-f2525dadc7bb,Cryomech (acquired by Bluefors),1963,Private Company,Syracuse,United States,https://www.cryomech.com/,https://www.linkedin.com/company/cryomech,,
fdcc3140-c233-44a5-a542-62af1c117efd,Crypta Labs,2014,Private Company,London,United Kingdom,https://www.cryptalabs.com/,https://www.linkedin.com/company/crypta-labs,,
0dd44028-dd30-4ca6-b121-0fa6a280d59d,Crypto Quantique,2016,Private Company,London,United Kingdom,https://www.cryptoquantique.com/,https://www.linkedin.com/company/crypto-quantique,,
4e1015d9-1a09-4cf7-8dfe-5c98955e7bb8,Crypto4A Technologies,2016,Private Company,Ottawa,Canada,https://crypto4a.com/,https://www.linkedin.com/company/crypto4a,,
4e48bb2d-8305-4d2b-9f58-3efb0b4be67e,CryptoExperts,2009,Private Company,Paris,France,http://www.cryptoexperts.com/,https://www.linkedin.com/company/cryptoexperts/,,
b35ee2a5-b940-458e-9834-86c3af154e1f,Cryptomathic,1986,Private Company,Aarhus,Denmark,https://www.cryptomathic.com,https://www.linkedin.com/company/cryptomathic/,,
60f120cb-d83c-4cb6-bdf6-5ba7217841e0,CryptoNext Security,2018,Private Company,Paris,France,https://cryptonext-security.com/,https://www.linkedin.com/company/cryptonext-security,,
d1df4ed8-3f62-4c19-8ee5-921802253e1a,Cryptosense [acquired by SandboxAQ],2013,Private Company,Paris,France,https://cryptosense.com/,https://www.linkedin.com/company/cryptosense/,,
781fd5ab-9805-4805-8624-121c55966116,Crystal Quantum Computing,2021,-,Paris,France,https://www.crystalqc.io/,https://www.linkedin.com/company/crystal-quantum-computing/,,
c5c0bba8-7bca-473a-a919-2723305f008a,Crystal Systems,1971,Private Company,Salem,United States,http://crystalsystems.com/,https://www.linkedin.com/in/henrywythe/,,
403403a2-55a2-4386-a44b-9607b5c1b4ce,CS GROUP,1968,Private Company,Le Plessis Robinson,France,http://www.csgroup.eu/,https://www.linkedin.com/company/cs-communication-systems-inc,,
8780ac94-e141-4dfd-a194-0ee80e449611,CSEM,1984,Non-Profit,Neuchatel,Switzerland,http://www.csem.ch/,https://www.linkedin.com/company/csem/,,
9ef79e9a-da21-4df2-9665-3df57a2c03a0,CUBE ROBOT X,2004,Private Company,Gersthofen,Germany,http://www.cuberobotx.com/,https://www.linkedin.com/company/cube-robot-x/,,
93f6b50c-6640-4e52-9dd0-050a8d6181de,CUbIQ Technologies,2021,Private Company,Eindhoven,The Netherlands,https://cubiq-technologies.com/,https://www.linkedin.com/company/cubiqtechnologies/,,
10aeb470-6598-4cc3-b298-a9b4a078bee6,Culgi,1999,Private Company,Leiden,The Netherlands,https://www.culgi.com/,https://www.linkedin.com/company/culgi,,
a2c99749-0016-4a14-96b8-4109f8ce3c03,CVD Equipment Corporation,1982,Private Company,Central Islip,United States,https://www.cvdequipment.com/,https://www.linkedin.com/company/cvd-equipment-corporation/,,
96a40ad3-59c2-4a83-86fc-52560a645c05,CyberHive,2018,Private Company,Newbury,United Kingdom,https://www.cyberhive.com/,https://www.linkedin.com/company/cyberhiveuk/,,
9feb0175-606a-4ac4-bdd0-2f3603a3a597,Cyberknight,2023,Private Company,Boston,United States,https://cyberknight.uk/,-,,
b6773b7d-a2cb-4416-a31a-4464f22b10ae,CyberProtonics,2022,Private Company,San Francisco,United States,https://cyberprotonics.com/,https://www.linkedin.com/company/cyberprotonics/,,
104116d2-b1a4-4ca0-bba5-f106a1bb8faf,CyferAll,2021,Private Company,Paris,France,http://www.cyferall.com/,https://www.linkedin.com/company/cyferall/,,
730a981a-5500-4df6-977e-ae95f91ed477,Cymaris Labs,2016,Private Company,Columbus,United States,https://cymaris.com/,https://www.linkedin.com/company/cymaris/,,
a8b11096-47d7-45d9-97c2-4bc32805e267,Cyph,2019,Private Company,Vienna,United States,https://www.cyph.com,https://www.linkedin.com/company/cyph,,
d8a53b7f-de97-48fc-84d9-e8fff144bf18,Cyphertop,2016,Private Company,New York,United States,https://cyphertop.com/,https://www.linkedin.com/company/cyphertop/,,
66017a54-960d-4ff6-ab66-9cc88bcdcd31,Cystel,2018,Private Company,Washington,United States,http://www.cystel.org/,https://www.linkedin.com/company/cystel/,,
c2d68253-aa0a-4cff-a962-ac04ad004f30,d-fine,2002,Private Company,Frankfurt,Germany,http://www.d-fine.com/,https://www.linkedin.com/company/d-fine,,
43dce210-16b7-474e-a536-a909e3b0acb7,D-Wave Systems,1999,Public Company,Burnaby,Canada,https://www.dwavesys.com/,https://www.linkedin.com/company/d-wave-quantum/,,
c2993dcb-cbc3-40b0-8c0d-485034289f40,Dacoso,2004,Private Company,Langen,Germany,https://www.dacoso.com/en/,https://www.linkedin.com/company/dacoso-gmbh/,,
9db2ad76-55ef-4188-95ac-b490ad9a0608,Danaher Cryogenics,2023,Private Company,Boulder,United States,https://danahercryo.com/,https://www.linkedin.com/company/danaher-cryogenics/,,
adfe4266-2ed8-48ef-8e96-5f5b319e065c,Dark Star Quantum Computing Laboratories,2020,Private Company,Fuquay-Varina,United States,https://www.darkstarquantumlab.com/,https://www.linkedin.com/company/darkstarquantumlab,,
66465955-cb06-447d-81f4-6e66117c8f84,DAS Photonics,2005,Private Company,Valencia,Spain,http://www.dasphotonics.com/,https://www.linkedin.com/company/das-photonics/,,
f55adb93-6846-474d-b76f-7f50c9e71954,Dash,2018,Private Company,Toronto,Canada,http://dashintelligence.com/,https://www.linkedin.com/company/dashintelligencedotcom,,
f4fbbee9-dec6-42fe-9add-683c3416efb4,Data Cybernetics,2017,Private Company,Landsberg am Lech,Germany,https://www.data-cybernetics.com/,https://www.linkedin.com/company/data-cybernetics-ssc-gmbh/,,
6e225184-2ba1-49b1-8fa5-44a355dbd6ec,DB Systel,2007,Private Company,Frankfurt,Germany,https://www.linkedin.com/company/db-systel-gmbh/about/,https://www.linkedin.com/company/db-systel-gmbh/,,
cb964ef9-2b6e-403c-ae00-f75beab48b25,DB Systel GmbH,2007,Private Company,Frankfurt,Germany,http://www.dbsystel.de/,https://www.linkedin.com/company/db-systel-gmbh/,,
15bce260-2cd0-4b50-9bdc-3b33ac851bd0,De Vries & Metman,1995,Private Company,Amsterdam,The Netherlands,https://dvme.nl/,https://www.linkedin.com/company/de-vries-&-metman/,,
e0e94adb-e606-4ee2-8a17-be0636cb89ac,Decentralized Bamboo,2021,Private Company,San Francisco,United States,http://stealthybamboo.com/,https://www.linkedin.com/company/stealthybamboo/,,
8152c709-e347-4466-a3bb-1f1c6257aa33,Delft Circuits,2016,Private Company,Delft,The Netherlands,https://delft-circuits.com/,https://www.linkedin.com/company/delft-circuits,,
0b538220-4579-441c-88d3-a339a2e3bfdd,Deloitte,1845,Private Company,London,United Kingdom,http://www.deloitte.com/,https://www.linkedin.com/company/deloitte/,,
fefc0b41-770d-4450-8822-5a2a8df39bb0,DelQuanTech,2023,Private Company,Toronto,Canada,https://delquantech.ca/,https://www.linkedin.com/company/delquantech/,,
4e6864eb-2430-4e45-b168-5150d4f1951e,Delta Diagnostics,2018,Private Company,Rotterdam,The Netherlands,http://deltadiagnostics.nl,https://www.linkedin.com/company/deltadiagnostics/,,
6fd96485-f891-4f46-9dec-c34c1b30a023,Delta G Ltd,2023,Private Company,Birmingham,United Kingdom,https://deltaginc.com,https://www.linkedin.com/company/delta-g-ltd/,,
14083920-40e9-4811-a684-bbe85e77e4b4,Delta Photonics,2003,Private Company,Ottawa,Canada,https://deltaphotonics.com/,https://www.linkedin.com/company/delta-photonics/,,
949b3574-9541-4389-9915-3d6aecd35797,Dencrypt,2013,Private Company,Hvidovre,Denmark,http://www.dencrypt.dk/,https://www.linkedin.com/company/dencrypt/,,
78347977-2686-4bcf-b6ef-c56589b3c45e,DenseLight,2000,Private Company,Allentown,United States,https://poet-technologies.com/denselight.html,https://www.linkedin.com/company/poet-technologies,,
9d2c0469-5fdd-46b9-868a-7a53d8ff91ed,Denton Vacuum,1964,Private Company,Moorestown,United States,https://www.dentonvacuum.com/,https://www.linkedin.com/company/denton-vacuum/,,
337bc508-464f-46d8-87af-8105db67807b,DEPHAN,2014,Private Company,Skolkovo,Russia,https://www.dephan.com/about/,https://www.linkedin.com/company/dephan/,,
34b1c6a3-8b27-49cf-bb45-804d1ac28a48,DFM - Danish National Metrology Institute,1986,Private Company,Hovedstaden,Denmark,https://www.dfm.dk/,https://www.linkedin.com/company/danish-fundamental-metrology/,,
7271a83d-82b3-4d6f-9a3d-8f2fe9256194,DiamFab,2019,Private Company,Grenoble,France,https://diamfab.com/,https://www.linkedin.com/company/diamfab-grenoble/,,
3f4b9d96-46d2-4a46-9565-3f9a63d5073a,Diamond Materials,2017,-,Breisgau,Germany,https://www.diamond-materials.com/,https://www.linkedin.com/company/diamond-materials/,,
bbb1068f-b49f-4fe6-8ded-b29d460fe475,Diamond Quanta,2024,Private Company,Palo Alto,United States,https://www.diamondquanta.com/,https://www.linkedin.com/company/diamond-quanta/,,
f7b418f1-2d22-4439-9dec-c588a58af435,DIAS,2014,Private Company,Saskatoon,Canada,https://www.diasgeo.com/,https://www.linkedin.com/company/dias-geophysical,,
29defd31-e987-4ac8-9a38-5adf3c720889,Diatope,2021,Private Company,Ulm,Germany,https://diatope.com,https://www.linkedin.com/company/diatope/,,
796e97bd-9499-49f5-aea2-ede10edd744a,Dihuni,2017,-,McLean,United States,https://www.dihuni.com/,https://www.linkedin.com/company/dihuni,,
52b4d477-fbf4-4ed9-955e-f639a2b94b00,Dirac,2022,Private Company,New York City,United States,https://diracquantum.com/,https://www.linkedin.com/company/diracq/,,
714fd2cc-a641-4eb6-840a-514f13b9bb4e,Diramics,2016,Private Company,Cham,Switzerland,https://diramics.com/,https://www.linkedin.com/company/diramics,,
7ae62a6d-b1ba-4bcd-b7dc-f3bea4de8c07,Diraq,2022,Private Company,Sydney,Australia,https://diraq.com/,https://www.linkedin.com/company/diraq/,,
76432f1b-bac0-4058-84fc-369cff344931,DishaNitish Technologies,2019,Private Company,Hamirpur,India,https://www.dishanitish.in/,https://www.linkedin.com/company/dishanitish/,,
55e3b5dc-8695-4f18-84a1-2c7ead7bf91e,Dobslit,2021,Private Company,São Paulo,Brazil,https://dobslit.com/,https://www.linkedin.com/company/dobslit/,,
75d316c8-8ddc-40df-800d-149ecef58458,Dotphoton,2020,Private Company,Zug,Switzerland,https://dotphoton.com/,https://www.linkedin.com/company/dotphoton,,
b186a400-f4e1-462a-ab9f-0ddea20993d4,DotQuantum,2018,Private Company,Torino,Italy,https://www.dotquantum.io/en/,https://www.linkedin.com/company/dotquantum-io,,
69db12a3-fc50-4920-b48a-09367d685ae6,Draper,1933,Private Company,Cambridge,United States,https://www.draper.com/,https://www.linkedin.com/company/draper,,
70cf063f-f636-488b-8267-53993745229e,Dream Photonics,2020,Private Company,Vancouver,Canada,http://www.dreamphotonics.com,https://www.linkedin.com/company/dream-photonics/,,
5c204d45-d832-4add-bcba-c2b21468840f,Dream Security,1998,Private Company,Songpadong,South Korea,https://www.dreamdns.co.kr/index.html,https://www.linkedin.com/company/dreamsecurity-inc/,,
ccfa73bb-3b1a-4949-a575-1ca60b2c8210,Driven Quantum Technologies,2019,Private Company,Washington,United States,http://www.drivenquantumtechnologies.com/,https://www.linkedin.com/company/driven-quantum-technologies/,,
92b00c08-98fa-4737-b501-c77f9622ddf6,DRS Daylight Solutions,2005,Private Company,San Diego,United States,http://www.daylightsolutions.com,https://www.linkedin.com/company/daylight-solutions/,,
cb2a9ed0-542a-4fa2-a1cc-56ef15c3cea4,DrX Works,2018,Private Company,Eindhoven,The Netherlands,https://drx.works/,https://www.linkedin.com/company/drx-works-bv/,,
37b70362-381b-4a7d-9c55-4ac5a55f6957,Duality Quantum Photonics,2020,Private Company,Bristol,United Kingdom,https://www.dualityqp.com/,https://www.linkedin.com/company/dualityqp/jobs/,,
f6f9d5c7-b0b5-4589-81e6-215e7a29f5ee,Dust Identity,2018,Private Company,Framingham,United States,http://www.dustidentity.com/,https://www.linkedin.com/company/dust-identity-inc/,,
e2ebd687-4151-4ad6-9b17-9b72d180bb5c,Dynex,2020,Private Company,Balzers,Liechtenstein,https://dynex.co/,https://www.linkedin.com/company/dynex-development/,,
fcab1018-202e-4a4b-8412-b94df9ac590d,Eagleyard Photonics GmbH,2002,Private Company,Berlin,Germany,toptica-eagleyard.com,https://www.linkedin.com/company/eagleyard-photonics-gmbh/,,
4c5b60ab-f4b7-42fb-8622-8097ba236802,Eblana Photonics,2001,Private Company,Dublin,Ireland,http://www.eblanaphotonics.com/,https://www.linkedin.com/company/eblana-photonics-ltd/,,
1c297530-6406-4a11-944f-5d9aebf40ced,Edmund Optics,1942,Private Company,Barrington,United States,https://www.edmundoptics.com/,https://www.linkedin.com/company/edmund-optics/,,
aa77d5d8-39a9-4f24-b02a-bacbadf3eeab,EeroQ,2016,Private Company,Chicago,United States,https://www.eeroq.com/,https://www.linkedin.com/company/eeroq/,,
03ee0855-632b-40ae-a8a9-ef5e7ca1c184,EFFECT Photonics,2010,Private Company,Eindhoven,The Netherlands,https://effectphotonics.com/,https://www.linkedin.com/company/effect-photonics/,,
4a3e054b-f39e-415f-b589-c5f10ba3b27d,Egreen Quanta LLP,2021,Private Company,Bihar,India,https://www.egreenquanta.com/,https://www.linkedin.com/company/egreen-quanta/,,
e2ea5427-1a90-41af-bb60-ef5f89b82946,Eigensystems,2024,Private Company,Sydney,Australia,https://www.eigensystems.com.au/,https://www.linkedin.com/company/eigensystem/,,
4f0816c6-5b85-4778-a9a3-238424368cc5,Eight Bells,2016,-,Nicosia,Cyprus,https://www.8bellsresearch.com/,https://www.linkedin.com/company/eight-bells-ltd/,,
3f854cfd-7753-4cb4-94f5-272e4b4c9d55,Elecnor Deimos,2001,Private Company,Tres Cantos,Spain,http://www.elecnor-deimos.com/,https://www.linkedin.com/company/elecnor-deimos,,
b6b4fe39-6cb1-491f-be7c-a6aec549bae5,Electronic Power Board (EPB),1935,Public Company,Chattanooga,United States,https://epb.com/,https://www.linkedin.com/company/epbofchattanooga,,
b305c267-157a-4a2b-9182-934f54565045,Element Six,1946,Private Company,Didcot,United Kingdom,https://www.e6.com/en,https://www.linkedin.com/company/element-six/,,
acb127cf-761f-4629-a0f3-efa307749399,eleQtron,2020,Private Company,Siegen,Germany,https://www.eleqtron.com/en/,https://www.linkedin.com/company/eleqtron-gmbh/,,
48e10cd4-2067-4f02-b8d0-fb30ff557e14,ElFys,2017,-,Espoo,Finland,https://www.elfys.fi/,https://www.linkedin.com/company/elfys/,,
feec90be-13b7-45f0-ab3c-246322c890af,ELTA Systems,1967,Private Company,Ashdod,Israel,https://www.iai.co.il/about/groups/elta-systems,https://www.linkedin.com/company/elta/,,
711d6aaa-70ce-4053-a96c-b82999f71c52,Elyah,2018,Private Company,Tokyo,Japan,https://www.elyah.io/,https://www.linkedin.com/company/elyah,,
c7722719-cc74-43a2-9db7-4fcf2de5f722,Emerson,1890,Public Company,St Louis,United States,https://www.emerson.com/en-gb,https://www.linkedin.com/company/emerson/,,
f9657a76-4cba-405f-b3ef-587f7cf1e3da,Encapsulix,2011,-,Simiane Collongue,France,http://www.encapsulix.com/,https://www.linkedin.com/company/encapsulix/,,
6f3da345-cbcc-4fa4-a2a4-f94440a41449,Energetiq Technology,2004,Private Company,Wilmington,United States,https://www.energetiq.com/,https://www.linkedin.com/company/energetiq-technology/,,
b67ba57c-be87-4f17-abf1-a71f1506507f,Enlightra,2022,Private Company,Vaud,Switzerland,https://enlightra.com/,https://www.linkedin.com/company/enlightra/,,
1299e422-3e74-4a3c-bb7f-6d0cc9db4391,EnQuanta,2019,Private Company,Eden Prairie,United States,https://enquanta.io/,https://www.linkedin.com/company/enquantainc/,,
0dae6dde-5548-4d0a-80db-f25bcdc1b848,ENTANGLE,2017,Private Company,Riga,Latvia,https://www.entangle.tech/,https://www.linkedin.com/company/entangle-llc,,
0b75d56a-114d-4964-a243-839a75d3276c,Entangled Networks [acquired by IonQ],2022,Private Company,Toronto,Canada,https://www.entanglednetworks.com/,https://www.linkedin.com/company/entangled-networks/,,
378f1c4f-c367-452c-bdbf-d1424c5c602f,Entanglement,2017,Private Company,New York,United States,https://www.entanglement.ai/,https://www.linkedin.com/company/entanglementai,,
3e7081aa-1a8d-47a7-b1b5-1e345e1090d9,Entanglement Institute,2017,Private Company,Newport,United States,https://www.entanglement.institute/,https://www.linkedin.com/company/entanglementinstitute/,,
d59ffc52-23b3-4891-8807-a8f9ea473e64,Entanglement Partners sl,2016,Private Company,Madrid,Spain,http://www.entanglementpartners.com,https://www.linkedin.com/company/entanglement-partners-sl/,,
e99c157e-03df-417b-b0e9-a8587191ddfb,Entanglement Technologies,2010,Private Company,San Bruno,United States,http://entanglementtech.com/,https://www.linkedin.com/company/entanglement-technologies-inc/,,
9ad877e2-2fe3-4dc2-86bf-a5d31d9113f8,Entropica Labs,2018,Private Company,Singapore,Singapore,https://entropicalabs.com/,https://www.linkedin.com/company/entropica-labs,,
a27a5ccf-ee4e-41e4-b99f-9e70dfa6b27a,Ephos,2022,Private Company,San Francisco,United States,https://ephos.io/,https://www.linkedin.com/company/ephos-io,,
ea60777d-b7d2-4877-808c-1ff2a7cd6654,Equal1,2017,Private Company,Dublin,Ireland,https://equal1.us/,https://www.linkedin.com/company/equal1,,
93c1d2d0-6548-423e-ad78-08c6d8660cc1,Ergo Quantum Solutions Inc.,2021,Private Company,Vancouver,Canada,https://ergoquantum.com/,https://www.linkedin.com/company/ergo-quantum-inc/,,
dee0682b-476e-48d3-bf1b-efca84acfe59,Ernst & Young (EY),1989,Private Company,London,United Kingdom,https://www.ey.com/en_gl,https://www.linkedin.com/company/ernstandyoung/,,
29deb085-f8ed-4717-ba55-5b406ec8a86f,Error Corp.,2020,Private Company,College Park,United States,-,https://www.linkedin.com/company/error-corp,,
46d50a51-3972-4814-a925-431543ee715e,eShard,2015,Private Company,Pessac,France,https://www.eshard.com/,https://www.linkedin.com/company/eshard/,,
5d6e7d89-f5b5-43c7-a0f4-535f06cd35f4,Ethicqual,2022,Private Company,The Hague,The Netherlands,https://ethicqual.org/,https://www.linkedin.com/company/ethicqual/,,
11b66ba6-f2c6-466b-a045-83f5ecf2933f,EuQlid,2022,Private Company,College Park,United States,https://www.q-cat.io/,https://www.linkedin.com/company/qcat-euqlid/,,
cc73b07e-617d-45fc-a50c-7ee4924e6afd,EurA,1999,Private Company,Ellwangen,Germany,https://www.eura-ag.com/en/,https://www.linkedin.com/company/eura-ag/,,
e668ddd6-f5c6-4438-ab21-71812ab5feb0,Evatec,2004,-,St. Gallen,Switzerland,https://evatecnet.com/,https://www.linkedin.com/company/evatec-ag/,,
829e014c-dc47-4688-8150-362fbb91e07b,Eviden,2023,Private Company,Bezons,France,https://eviden.com/,https://www.linkedin.com/company/eviden/,,
c4e20d33-98f1-47c5-af0a-ab9824e42d50,EvolutionQ,2015,Private Company,Waterloo,Canada,https://evolutionq.com/,https://www.linkedin.com/company/evolutionq,,
76b9fb54-3659-4a94-97a1-2b9eeb4e1f3e,Exail,1998,Private Company,Paris,France,https://www.exail.com/,https://www.linkedin.com/company/ixblue/,,
b7688a22-88a4-442b-bd21-81eb1fa16132,exaQ.ai,2020,Private Company,Singapore,Singapore,https://exaq.ai/,https://www.linkedin.com/company/exaq-ai,,
028c0a08-129b-4369-bc91-3a8c20f9bb0f,Excelitas Technologies,1931,Private Company,Mississauga,Canada,http://www.excelitas.com,https://www.linkedin.com/company/excelitas-technologies,,
1fbed801-a512-4755-bbe7-9c2d2c9156ff,EXFO,1985,Private Company,Quebec,Canada,http://www.exfo.com/,https://www.linkedin.com/company/exfo,,
5d596574-fe3b-4887-87b7-0dfb31a046f9,EYL,2015,Private Company,Seoul,South Korea,https://www.eylpartners.com/?ckattempt=1,https://www.linkedin.com/company/eylpartners,,
3d0c190b-9939-438c-b315-d8975f8116c2,Fabrum,2004,-,Christchurch,New Zealand,https://fabrum.nz/,https://www.linkedin.com/company/fabrum/,,
a96503f3-8d78-4887-811c-3359ec70e9b8,FAccTs,2016,Private Company,Cologne,Germany,https://www.faccts.de/,https://www.linkedin.com/company/faccts/,,
558f20e6-edc3-478a-8e79-ba07628c7d35,FAR Biotech,2016,Private Company,Houston,United States,https://www.farbiotech.com/,https://www.linkedin.com/company/far-biotech,,
be02bfda-15ba-4b17-8e17-97e67c4fc78c,Fathom Radiant,2014,Private Company,Boulder,United States,https://www.fathomradiant.co/,https://www.linkedin.com/company/fathom-radiant,,
a35eee71-437c-4ba6-9054-0db47e63e662,FCE Frankfurt Consulting Engineers GmbH,2004,Private Company,Frankfurt,Germany,http://frankfurtconsultingengineers.de/,https://www.linkedin.com/company/fce-frankfurt-consulting-engineers-gmbh/,,
01fd89f9-ba87-42a0-9ed9-663deaca5968,FEMTOprint,2013,-,Muzzano,Switzerland,https://www.femtoprint.ch/,https://www.linkedin.com/company/3224552,,
ed40bf22-bb67-4b93-ac25-7ca1165356ba,Femtum,2017,Private Company,Quebec,Canada,https://femtum.com/,https://www.linkedin.com/company/femtum/,,
ffe1b95b-fde6-44ac-80be-6aa121b060e3,Fermioniq,2021,Private Company,Amsterdam,The Netherlands,https://www.fermioniq.com/,https://www.linkedin.com/company/fermioniq/,,
b53c75db-2e92-45ac-8765-fca7be523b9a,few-cycle,2013,Private Company,Varennes,Canada,https://www.few-cycle.com/,https://www.linkedin.com/company/few-cycle/,,
e4286050-9512-4e7f-99ad-56b62bb304da,Fibercore,1982,Private Company,Southampton,United Kingdom,fibercore.humaneticsgroup.com,https://www.linkedin.com/company/fibercore-limited/,,
45db8200-4241-4fa4-84c0-2e0c7aaea69e,ficonTEC,2001,Private Company,Achim,Germany,http://www.ficontec.com,https://www.linkedin.com/company/ficontec,,
4a49ea8a-a036-4b21-902e-59a37137ac0a,finQbit,2023,Private Company,Cracow,Poland,https://finqbit.tech/,https://www.linkedin.com/company/finqbit/,,
c35210a5-e7a9-4979-822d-3220303f6bee,First Quantum,2022,Private Company,Seoul,South Korea,https://thefirstquantum.com/,-,,
934ddd06-d2f0-40a4-9de3-7e221e02b9da,FISBA,1957,Private Company,St. Gallen,Switzerland,http://www.fisba.com,https://www.linkedin.com/company/fisba,,
a0d5e8ec-1504-4756-867e-f5a7fd928be9,Fixstars,2002,Public Company,Tokyo,Japan,https://www.fixstars.com/en/,https://www.linkedin.com/company/fixstars-corporation/,,
81593d5a-ef84-4c0c-a42c-a242877e1f4f,Flawless Photonics,2017,Private Company,Mountain View,United States,https://www.flawless-photonics.com,https://www.linkedin.com/company/flawless-photonics/,,
c391e854-0e4c-46f1-b28f-bade205218e5,Flipscloud,2013,-,Taipei,Taiwan,https://flipscloud.com/,-,,
368da8bb-91fe-46de-8961-3c4067f2c7d9,Florence Quantum Labs,2024,-,San Francisco,United States,https://florencequantumlabs.com/,https://www.linkedin.com/company/florencequantumlabs/,,
9167c887-2bbf-47f8-a29f-2f905dca66f4,Fluence.technology,2016,Private Company,Warszawa,Poland,https://fluence.technology,https://www.linkedin.com/company/fluencetechnology,,
6af732ed-ebf5-4288-bf19-a339ef048fa7,FND Biotech,2016,Private Company,Taipei,Taiwan,http://www.fndbiotech.net/,https://www.linkedin.com/company/fnd-biotech-inc-fluorescent-nanodiamond-expert/,,
7f90709d-0492-4d30-9281-9d90be0669f2,Focuslight Technologies Inc,2007,Public Company,Xian,China,http://www.focuslight.com,https://www.linkedin.com/company/focuslight-technologies,,
d31a07e1-6167-4efe-84a2-ada022ccb72a,Foley Hoag LLP,1943,Private Company,Boston,United States,https://www.foleyhoag.com/home/,https://www.linkedin.com/company/foley-hoag-llp/,,
4ed44ffb-1739-4712-9ed3-a5a51c5f679b,Folio Photonics,2012,Private Company,Solon,United States,http://foliophotonics.com,https://www.linkedin.com/company/folio-photonics-inc/,,
db19f363-7a93-464a-98db-26278e4445f5,FOM Technologies,2012,Private Company,Kastrup,Denmark,https://www.fomtechnologies.com/,https://www.linkedin.com/company/fom-technologies/,,
7a0bbb47-8ec3-42e8-9367-13abc6161767,Foqus,2021,Private Company,Toronto,Canada,https://foqus.ca/,https://www.linkedin.com/company/foqus-tech/,,
873062f6-b099-4ead-a028-be44bf214e2f,ForeQast Technologies Limited,2021,Private Company,Toronto,Canada,https://www.foreqast.ai/,https://www.linkedin.com/company/foreqastai/,,
59afb92c-e03c-4ada-b8f8-101dc848d14c,FormFactor Inc.,1993,Public Company,Livermore,United States,https://www.formfactor.com/,https://www.linkedin.com/company/formfactor,,
0020085a-4a0e-4c32-83b8-aa1e7f59546b,Forward Photonics,2017,Private Company,Woburn,United States,https://www.forwardphotonics.com/,https://www.linkedin.com/company/forward-photonics/,,
5462f668-8e3e-4314-92c1-0395accfbfef,Foxconn,1974,Public Company,Tucheng,Taiwan,https://www.foxconn.com.tw/zh-tw,https://www.linkedin.com/company/%E9%B4%BB%E6%B5%B7%E7%B2%BE%E5%AF%86%E5%B7%A5%E6%A5%AD%E8%82%A1%E4%BB%BD%E6%9C%89%E9%99%90%E5%85%AC%E5%8F%B8/,,
b56109ae-d5cb-49f2-b4c9-6826f6c5649b,Fractal,2021,Private Company,Solana Beach,United States,https://www.fractal.is,https://www.linkedin.com/company/fractalwagmi,,
c2d3bc41-637c-4057-88dc-2aae9baff3b9,fragmentiX Storage Solutions,2018,Private Company,Klosterneuburg,Austria,https://www.fragmentix.com/,https://www.linkedin.com/company/fragmentix-storage-solutions-gmbh/,,
efc445e4-2cad-466f-ae10-a1817b304ebd,Frankfurt Laser Company,1994,Private Company,Friedrichsdorf,Germany,https://frlaserco.com/,https://www.linkedin.com/company/frankfurt-laser-company/,,
952f1777-3d87-4ced-ab6a-32556590a7db,Fraunhofer UK Research Limited,2012,Non-Profit,Glasgow,United Kingdom,http://fraunhofer.co.uk/,https://www.linkedin.com/company/fraunhofer-uk-research-limited/,,
14bd856c-2f6d-4ce5-b4e7-a7c9940ca141,Freedom Photonics,2005,Private Company,Santa Barbara,United States,http://freedomphotonics.com,https://www.linkedin.com/company/freedom-photonics/,,
8c4efd7c-577e-48ca-963a-bf6817c559ce,Frequency Electronics,1961,Private Company,New York,United States,http://www.freqelec.com/,https://www.linkedin.com/company/frequency-electronics/,,
54ec5f0a-a6de-4a4a-a389-dd4d70524744,Fujitsu,1935,Public Company,Tokyo,Japan,https://www.fujitsu.com/,https://www.linkedin.com/company/fujitsu,,
aa81ac1f-4909-4153-a8e1-5d7789889bbf,Future Worlds Labs,2015,Private Company,Southampton,United Kingdom,http://www.futureworlds.com/,https://www.linkedin.com/company/future-worlds/,,
db853a65-c8d9-406b-b080-7eef59437f62,Futurice,2000,Private Company,Tampere,Finland,https://www.futurice.com/,https://www.linkedin.com/company/futurice/,,
c8403434-012f-4a74-ae2a-f6ce3432ed8c,g2-Zero,2020,Private Company,Madrid,Spain,https://g2-zero.com/,https://www.linkedin.com/company/g2-zero/,,
d7c3294e-5102-4284-9cbe-764e06bf7c76,G2Q Computing,2023,Private Company,Milan,Italy,https://G2QComputing.com,https://www.linkedin.com/company/g2qcomputing/,,
ec11c0d8-f8d1-418f-8438-f4318365f05e,Galaxy Innovation,2020,Private Company,Lindfield,United Kingdom,-,-,,
b6e28680-4a7b-4491-98e8-781cdd584a8b,GDQ,2022,Private Company,Pune,India,https://gdqlabs.com/,https://www.linkedin.com/company/gdqlabs/,,
4c6e9301-4c04-40f3-b3e4-7660d0f9ee00,Gekko Photonics,2019,Private Company,Wroclaw,Poland,https://www.gekkophotonics.com/,https://www.linkedin.com/company/gekko-photonics/,,
713bce2e-ee88-4fc4-bbf3-09a8206e732e,GEM Systems,1980,Private Company,Markham,Canada,http://www.gemsys.ca/,https://www.linkedin.com/company/gem-systems-inc-/,,
1c88a858-44bd-40e4-b5f8-a2597f8bcdaf,General Dynamics Information Technology,2008,-,Tampa,United States,https://www.gdit.com,https://www.linkedin.com/company/arma-global-corporation,,
dbabb634-f2be-4890-b5f4-463ed9231e58,General Dynamics Mission Systems,1999,Private Company,Fairfax,United States,http://gdmissionsystems.com/,https://www.linkedin.com/company/gdms,,
ee7ed488-7097-476e-8c1c-241d8478b18a,Genesis Quantum Inc.,2022,-,Alexandria,United States,https://www.genesisqt.com/,https://www.linkedin.com/company/genesis-quantum-inc/,,
a13f83f1-64b8-44d8-8d86-05c3d6eb423c,GESDA - Geneva Science and Diplomacy Anticipator,2019,-,Geneva,Switzerland,http://www.gesda.global/,https://www.linkedin.com/company/gesda-global/,,
40a7b23a-6649-4b39-915f-66a3aa34c509,Gigajot Technology,2017,Private Company,Pasadena,United States,http://www.gigajot.tech/,https://www.linkedin.com/company/gigajot/,,
e84d72c1-d131-4a6f-9ea6-ee6ca581c96c,Global Data Quantum,2022,Private Company,Bilbao,Spain,https://www.globaldataquantum.com/en/,https://www.linkedin.com/company/globaldmtech/,,
78800e93-4145-44e8-80ad-e0dec83daa99,Global Quantum Intelligence,2014,Private Company,New York,United States,https://www.global-qi.com/,https://www.linkedin.com/company/globalqi/,,
0091ecb6-6d3b-4bd6-8b79-7ebed1091e6d,GlobalFoundries,2009,Private Company,Malta,United States,https://gf.com/,https://www.linkedin.com/company/globalfoundries/,,
301804c4-2d56-4931-81ba-fb06517b02a8,GLOphotonics,2011,-,Limoges,France,https://www.glophotonics.fr/,https://www.linkedin.com/company/glophotonics/,,
c7f5a0c0-ddc8-406e-b30a-19f3d1ceb40e,Good Chemistry Company [Acquired by SandboxAQ],2021,Private Company,Vancouver,Canada,https://goodchemistry.com/,https://www.linkedin.com/company/goodchemistry/,,
ce6be9d1-6abb-4910-9c6f-9fe21b341d5f,GoodLabs Studio,2019,Private Company,Toronto,Canada,https://www.goodlabs.studio/,https://www.linkedin.com/company/goodlabs-studio/,,
5eb8db60-6794-4d61-af52-7a96f8c8b770,Google DeepMind [Acquired by Google],2010,Private Company,London,United Kingdom,https://deepmind.google/,https://www.linkedin.com/company/googledeepmind/,,
d3025120-665c-41f6-813a-d341d969979c,Google Quantum AI lab,2013,Listed Corporate Division,Berkeley,United States,https://quantumai.google/,https://www.linkedin.com/company/google/,,
5b1907b7-5e17-4e21-8c06-75bf228c4cf2,GoQuantum,2018,Private Company,Las Condes,Chile,http://goquantum.tech,https://www.linkedin.com/company/goquantum,,
f5743b8a-c80a-4c50-9364-0ed23fc6e042,Great Lakes Crystal Technologies (GLCT),2019,Private Company,Michigan,United States,https://glcrystal.com/,https://www.linkedin.com/company/glctech/,,
a5698e83-3b00-4a80-a7c9-d4bac01d0401,Groovenauts,2012,Private Company,Fukuoka,Japan,https://www.groovenauts.jp/en/,https://www.linkedin.com/company/groovenauts-inc/,,
5bf8f129-80f5-4bc3-8131-cba253f8a60a,Guangdong Hottech Industrial,1992,Private Company,Dongguan,China,http://www.hottechsemi.com/,https://www.linkedin.com/company/hottechsemi,,
b5a83b8d-7c01-40aa-9c8a-c1a182ef1a98,Guardion,2018,Private Company,Boston,United States,https://guardiontech.com/,https://www.linkedin.com/company/guardion/,,
7b133eb2-b134-4a80-8b62-46a4a9f2af2d,Gurobi Optimization,2008,Private Company,Beaverton,United States,http://www.gurobi.com,https://www.linkedin.com/company/gurobi-optimization/,,
53cc5a48-8abd-4830-87f3-572369c45c47,GWR Instruments,1979,Private Company,San Diego,United States,http://www.gwrinstruments.com/,https://www.linkedin.com/company/gwr-instruments-inc./,,
ef188fe6-5d13-45dd-bc9c-8cf6b9d65122,GXC [Photonics Division],2016,Private Company,Austin,United States,https://gxc.io/,https://www.linkedin.com/company/gxcinc/,,
39dcf0b3-5a54-4739-b9c4-2717ec7512ff,H-Bar,2016,Private Company,Melbourne,Australia,http://www.h-bar.com.au/,https://www.linkedin.com/company/h-bar-quantum-consultants,,
b395c64c-779a-46d8-ba30-c5be6423de5c,Hafnium Labs,2016,Private Company,København,Denmark,https://www.hafniumlabs.com/,https://www.linkedin.com/company/hafniumlabs,,
61313466-5934-4412-9e73-0ec42149366b,Haiqu,2022,Private Company,Stanford,United States,https://www.haiqu.ai/,https://www.linkedin.com/company/haiquai,,
cc1b8946-7dc0-493f-a485-0bdc67b1def9,Hamamatsu Photonics,1948,Public Company,Hamamatsu,Japan,https://www.hamamatsu.com/eu/en/index.html,https://www.linkedin.com/company/hamamatsu-photonics-deutschland,,
ab2a80f0-b4af-47ca-85a1-e9b847d73204,Hanhai Quantum,2021,Private Company,Hefei,China,https://pwdft.com/,-,,
c9051e4a-a0df-4c80-96ff-347bd52bdaa1,Harlin Ltd,2000,Private Company,Salisbury,United Kingdom,http://www.harlinltd.co.uk/,https://www.linkedin.com/company/harlin-ltd/,,
1708521f-e8a4-4b40-89ed-8a54460f4396,Harrisburg Universal,2022,Private Company,Harrisburg,United States,https://harrisburguniversal.com,-,,
1c19b171-ab25-4c7b-b68e-b85cf8699f5b,HCD Research,1991,Private Company,Flemington,United States,http://www.hcdi.net/,https://www.linkedin.com/company/hcd-research/,,
86ff80cc-6b35-4af9-9440-257deb0b7f3d,HCL Technologies,1991,Public Company,Noida,India,http://www.hcltech.com/,https://www.linkedin.com/company/point-to-point-products,,
600645a1-ce13-4a6b-9200-6aa58bd9d354,HEE Photonics Labs,2005,Private Company,Riga,Latvia,https://www.heephotonic.eu,-,,
a23123e9-775d-48d2-aac6-ac789a0103ae,Hefei Sizhen Chip Technology Co.,2020,Private Company,Hefei,China,https://www.gz-ichip.com/,-,,
b9ec2325-eb8a-4a72-a9b6-d519c29159f6,Helia Photonics,2002,Private Company,Livingston,United Kingdom,https://www.helia-photonics.com/,https://www.linkedin.com/company/helia-photonics-ltd/,,
6fecb9d7-ebd1-43ae-bdb6-ea4bff829723,Hengtong Optoelectronics,1993,Private Company,Suzhou,China,http://www.hengtonggroup.com/,https://www.linkedin.com/company/hengtong-optic-electric-co-ltd/,,
3ca451dc-25a7-4b18-aee7-9bdaf1cd2cc6,HEQA Security (Formerly QuantLR),2021,Private Company,Jerusalem,Israel,https://heqa-sec.com/,https://www.linkedin.com/company/heqa-sec/,,
06742efc-bd76-4a4a-aefe-a9a93a471323,Hexa Solution,2007,Private Company,Gyeonggi-do,South Korea,http://hexasolution.co.kr/,-,,
502513ef-97bb-4725-bcb6-9cadcf0b1c6d,High Precision Devices (Acquired by FormFactor),1994,Private Company,Boulder,United States,https://hpd-online.com/,https://www.linkedin.com/company/high-precision-devices,,
06970e8d-1934-4a0d-8be4-d5682c463890,HighQ,2013,Private Company,Waterloo,Canada,https://highqtechnologies.com/,https://www.linkedin.com/company/highqtechnologies/,,
3e57ce29-9ac7-466d-a8d3-9c15c0dff9f1,HiQuTe Diamond,2022,Private Company,Paris,France,https://www.hiqute-diamond.com,https://www.linkedin.com/company/hiqute-diamond/,,
d6a07c47-1e09-414b-8c49-5ef802e38d06,Hitachi,1910,Private Company,Tokyo,Japan,hitachi.com,https://www.linkedin.com/company/hitachi/,,
ed2e0611-9e3d-4f42-a445-3ee60ce34871,HKA Marketing Communications,1985,Private Company,Tustin,United States,https://www.hkamarcom.com/,https://www.linkedin.com/company/hka-inc--public-relations/,,
3ae3d2d1-13c0-4a1e-aa8e-5451dc931c02,Holland & Knight LLP,1968,Private Company,Miami,United States,http://www.hklaw.com/,https://www.linkedin.com/company/holland-knight-llp/,,
3cce8c27-069c-4af4-9792-3195b4f19eeb,HOLOEYE Photonics,1999,Private Company,Berlin,Germany,https://holoeye.com/,https://www.linkedin.com/company/holoeye-photonics-ag/,,
1cb5d413-6108-4d32-84c6-6b263fbbcd54,Honeywell,1906,Public Company,Charlotte,United States,http://www.honeywell.com/,https://www.linkedin.com/company/honeywell,,
931b89b7-1e47-4ab7-9803-ac2ec9b1988e,Hoptroff,2015,Private Company,London,United Kingdom,https://www.hoptroff.com/,https://www.linkedin.com/company/hoptroff-london/,,
0bea4195-143d-4c8f-9e36-092f466ee8a4,Horiba,1953,Public Company,Kyoto,Japan,http://www.horiba.com,https://www.linkedin.com/company/horiba,,
ecb0291a-8341-478b-a49b-74172fbbad85,Horizon Quantum Computing,2018,Private Company,Singapore,Singapore,http://horizonquantum.com/,https://www.linkedin.com/company/horizon-quantum-computing,,
6d197f34-1482-41e0-8e3c-4da2cff8ae69,HorizonX Consulting,2023,Private Company,London,United Kingdom,https://www.horizonxc.com/,https://www.linkedin.com/company/horizonxc/,,
216680b6-402e-4dfb-825c-0b1b3fcedda9,HQS Quantum Simulations,2017,Private Company,Karlsruhe,Germany,https://quantumsimulations.de/,https://www.linkedin.com/company/hqs-quantum-simulations,,
a17b19fb-76ba-47e6-8b3b-7db49ca18f99,HSBC,1836,Private Company,London,United Kingdom,http://www.hsbc.co.uk/,https://www.linkedin.com/company/hsbc-life-uk-ltd,,
5fcebe5d-0e12-4f1f-a2fe-dc5fbcafb103,Huawei Cloud,2019,Corporate Division,Shenzhen,China,https://www.huaweicloud.com/intl/en-us/solution/hiq/,https://www.linkedin.com/company/huaweicloudapac,,
f1fc7252-a0ab-4e57-b27d-57235e2be723,Huayi Quantum,2022,Private Company,Beijing,China,-,-,,
41e9c84b-fbd9-421c-ab01-2f02d4041c1c,HUB Security,2017,Public Company,Tel Aviv,Israel,https://hubsecurity.com/,https://www.linkedin.com/company/hubsecurityio/,,
